Data de Referência ; Risco de Crédito ; Emissor ; Série ; Emissão ; Código ; Vencimento ; Índice / Correção ; Taxa Compra ; Taxa Venda ; Taxa Indicativa ; Desvio Padrão ; PU ; % PU Par / % VNE ; Duration ; Referência NTNB ; % Reune 
07/08/2026;RAÍZEN ENERGIA S.A.;OPEA SECURITIZADORA S/A;1ª;6ª;CRA019003V2;16/07/2029;100% do DI;;;;;423,549913;41,5;;;
07/08/2026;SÃO MARTINHO S.A.;RIZA SECURITIZADORA S.A.;3ª;198ª;CRA024004H7;12/04/2029;100% do DI;101,0666;98,1;99,868;0,41;1044,42714527;100,04;559,98;;
07/08/2026;Marfrig Global Foods S.A;ECO SECURITIZADORA DE DIREITOS CREDITÓRIOS DO AGRONEGÓCIO S.A.;1ª;387ª;CRA0250018H;15/04/2030;100% do DI;109,1866;102,5;105,0281;0,48;1023,11268709;98,11;722,33;;
07/08/2026;BRF S.A.;ECO SECURITIZADORA DE DIREITOS CREDITÓRIOS DO AGRONEGÓCIO S.A.;1ª;434ª;CRA02500BVT;31/12/9999;100% do DI;;103,06;109,3433;6,18;1038,06448372;95,37;962;;
07/08/2026;LOG COMMERCIAL PROPERTIES E PARTICIPAÇÕES S.A.;VERT COMPANHIA SECURITIZADORA;2ª;162ª;25I2731571;15/10/2032;100,5% do DI;;102,5;103,1855;0,75;1028,55939962;98,6;987,29;;
07/08/2026;CYRELA BRAZIL REALTY S.A.;COMPANHIA PROVÍNCIA DE SECURITIZAÇÃO;3ª;57ª;24D2765715;15/04/2031;101% do DI;100,92;96,82;98,9355;0,02;1052,41923296;100,87;795,7;;
07/08/2026;ENGELHART CTP ;OPEA SECURITIZADORA S/A;1ª;87ª;CRA023007VD;05/07/2028;101% do DI;;93,66;97,1941;1,62;1021,42685071;100,85;431,96;;
07/08/2026;BRF S.A.;ECO SECURITIZADORA DE DIREITOS CREDITÓRIOS DO AGRONEGÓCIO S.A.;1ª;447ª;CRA026002BD;31/12/9999;101,5% do DI;;;;;;;;;
07/08/2026;CURY CONSTRUTORA E INCORPORADORA S.A.;TRUE SECURITIZADORA S/A;1ª;309ª;24D3313768;31/05/2027;102% do DI;100,3433;96,0433;98,5277;0,8;1030,83740569;100,34;192,03;;
07/08/2026;MRV;VERT COMPANHIA SECURITIZADORA;1ª;157ª;25G5109813;15/07/2030;102% do DI;;109,905;116,5795;3,1;950,50089258;94,19;776,79;;
07/08/2026;ENGELHART CTP ;OPEA SECURITIZADORA S/A;1ª;83ª;CRA023003UX;15/03/2027;102% do DI;96,288;92,548;95,433;1,01;1060,90398592;100,47;140;;
07/08/2026;BRF S.A;ECO SECURITIZADORA DE DIREITOS CREDITÓRIOS DO AGRONEGÓCIO S.A.;1ª;403ª;CRA02500669;16/07/2029;102% do DI;;103,7225;109,8191;4,68;1117,34671776;97,04;733;;
07/08/2026;Cocal Comercio Industria Canaa Acucar e Alcool S.A.;VERT COMPANHIA SECURITIZADORA;1ª;106ª;CRA025008HM;15/09/2031;102% do DI;;106,0;107,8756;1,23;1028,91798855;97,44;835,45;;
07/08/2026;RL80 DIRECIONAL;RIZA SECURITIZADORA S.A.;ª;276ª;25F0010202;12/06/2030;102,5% do DI;;;;;;;;;
07/08/2026;DIRECIONAL ENGENHARIA S.A.;OPEA SECURITIZADORA S/A;1ª;331ª;24F1277566;16/07/2029;103% do DI;101,7033;98,0333;99,7808;0,43;1019,88484197;101,05;622,93;;
07/08/2026;ENGELHART CTP ;VERT COMPANHIA SECURITIZADORA;1ª;83ª;CRA02300209;15/01/2027;103% do DI;;;;;;;;;
07/08/2026;MOURA DUBEUX ENGENHARIA S.A.;VERT COMPANHIA SECURITIZADORA;1ª;158ª;25G5313879;15/07/2030;103,75% do DI;;104,0;104,2576;0,38;1007,27126527;99,8;758,42;;
07/08/2026;3Tentos;OPEA SECURITIZADORA S/A;1ª;201ª;CRA025008N8;15/10/2030;103,75% do DI;113,07;102,5975;107,385;1,94;1028,81923335;98,5;790,24;;
07/08/2026;BANCO BTG PACTUAL S.A.;OPEA SECURITIZADORA S/A;1ª;63ª;22J0346710;15/01/2027;104% do DI;;;;;;;;;
07/08/2026;CAMIL ALIMENTOS S.A.;ECO SECURITIZADORA DE DIREITOS CREDITÓRIOS DO AGRONEGÓCIO S.A.;1ª;329ª;CRA0240066A;15/06/2029;104% do DI;116,234;111,3855;114,9092;11,02;987,26327583;96,64;597,63;;
07/08/2026;Boa Safra II;OPEA SECURITIZADORA S/A;1ª;189ª;CRA025006SR;16/02/2032;104% do DI;;106,5;107,9793;0,58;989,03189208;97,99;961,56;;
07/08/2026;CEREAL COMÉRCIO EXPORTAÇÃO E REPRESENTAÇÃO AGROPECUÁRIA S.A.;ECO SECURITIZADORA DE DIREITOS CREDITÓRIOS DO AGRONEGÓCIO S.A.;1ª;406ª;CRA025007KD;16/09/2030;104% do DI;;107,5;109,4414;2,86;1034,09530919;97,82;767,25;;
07/08/2026;MINERVA S.A.;RIZA SECURITIZADORA S.A.;1ª;264ª;CRA025002S1;15/04/2030;104,5% do DI;;116,9577;120,7575;5,02;983,09216099;94,09;709,44;;
07/08/2026;MINERVA S.A.;RIZA SECURITIZADORA S.A.;1ª;272ª;CRA025005V5;15/07/2030;104,5% do DI;124,26;114,09;119,5335;5,64;949,28036735;94,05;772,4;;
07/08/2026;ALLOS S.A.;OPEA SECURITIZADORA S/A;2ª;262ª;24D0006602;16/04/2029;105% do DI;100,835;96,98;98,5891;0,8;1064,78141943;101,89;558,57;;
07/08/2026;JHSF IV;OPEA SECURITIZADORA S/A;2ª;450ª;25E0013305;15/05/2030;105% do DI;;;103,5222;0,48;1039,28103023;100,58;737,44;;
07/08/2026;BANCO BTG PACTUAL S.A.;OPEA SECURITIZADORA S/A;1ª;124ª;CRA02300TSB;15/12/2033;105% do DI;99,5233;95,0566;97,6357;2,87;1070,01545995;104,72;1187,58;;
07/08/2026;MINERVA S.A.;RIZA SECURITIZADORA S.A.;1ª;232ª;CRA02400AYL;16/11/2029;105% do DI;119,8966;113,9966;118,4408;5,23;986,377932;95,46;657,67;;
07/08/2026;Neomille S.A.;ECO SECURITIZADORA DE DIREITOS CREDITÓRIOS DO AGRONEGÓCIO S.A.;3ª;411ª;CRA025008C3;15/12/2032;105% do DI;;108,5;111,6348;0,43;986,02662619;96,5;1007,93;;
07/08/2026;GDM Genética do Brasil S.A.;ECO SECURITIZADORA DE DIREITOS CREDITÓRIOS DO AGRONEGÓCIO S.A.;2ª;398ª;CRA025005EI;15/07/2032;105,75% do DI;113,5825;100,0;107,828;0,13;998,45201513;98,91;998,9;;
07/08/2026;MULTIPLAN EMPREENDIMENTOS IMOBILIÁRIOS S.A.;RIZA SECURITIZADORA S.A.;2ª;123ª;23K0018802;15/01/2031;106% do DI;100,5666;96,3333;98,4911;0,97;1037,61144134;102,78;697,61;;
07/08/2026;Lar Cooperativa Agroindustrial;ECO SECURITIZADORA DE DIREITOS CREDITÓRIOS DO AGRONEGÓCIO S.A.;1ª;378ª;CRA025006NA;15/08/2030;106% do DI;114,6066;108,8066;111,1611;0,26;990,79814553;98,15;689,46;;
07/08/2026;DIRECIONAL ENGENHARIA S.A.;TRUE SECURITIZADORA S/A;2ª;241ª;23K0019201;16/11/2028;106,5% do DI;;;97,8483;0,82;1056,83563792;102,23;491,72;;
07/08/2026;Lar Cooperativa Agroindustrial;ECO SECURITIZADORA DE DIREITOS CREDITÓRIOS DO AGRONEGÓCIO S.A.;1ª;442ª;CRA026001JL;15/03/2031;106,5% do DI;;109,5;111,4812;1,45;989,27971507;97,99;772,34;;
07/08/2026;BTSA;RIZA SECURITIZADORA S.A.;2ª;495ª;25H0243072;16/08/2032;107% do DI;109,6466;106,22;107,9334;1,96;1005,70841641;99,61;786,23;;
07/08/2026;BANCO BTG PACTUAL S.A.;OPEA SECURITIZADORA S/A;1ª;218ª;CRA02300NRL;16/11/2033;107% do DI;98,5866;94,12;98,3533;2,53;1089,48394482;105,43;1161,68;;
07/08/2026;COOXUPÉ - COOPERATIVA REGIONAL DE ;VERT COMPANHIA SECURITIZADORA;2ª;101ª;CRA025003UZ;17/06/2030;107,5% do DI;;107,5;107,7352;0,25;1021,45360726;99,92;675,55;;
07/08/2026;BANCO BTG PACTUAL S.A.;OPEA SECURITIZADORA S/A;1ª;92ª;CRA02300CYQ;15/07/2033;109% do DI;98,6933;93,5933;97,8063;2,63;1080,55597742;107,01;1150,67;;
07/08/2026;BANCO BTG PACTUAL S.A.;OPEA SECURITIZADORA S/A;1ª;106ª;CRA02300HWH;15/09/2033;109% do DI;99,835;96,6466;99,1588;0,34;1122,72270425;105,93;1113,23;;
07/08/2026;MRV ENGENHARIA E PARTICIPAÇÕES S.A;OPEA SECURITIZADORA S/A;1ª;358ª;24I1980390;15/10/2029;110% do DI;132,965;121,42;124,6279;9,22;997,72928075;95,27;629,28;;
07/08/2026;IGUATEMI PPPH PARTICIPAÇÕES LTDA.;OPEA SECURITIZADORA S/A;1ª;416ª;25B3099731;18/02/2030;96% do DI;100,7666;95,6666;99,3069;0,84;1050,01172683;98,81;690,84;;
07/08/2026;CYRELA BRAZIL REALTY S.A. EMPREENDIMENTOS;COMPANHIA PROVÍNCIA DE SECURITIZAÇÃO;1ª;102ª;25D0012202;15/04/2029;96% do DI;;96,35;98,2711;0,31;1034,21035389;99,33;565,36;;10%
07/08/2026;CYRELA BRAZIL REALTY S.A. EMPREENDIMENTOS E;COMPANHIA PROVÍNCIA DE SECURITIZAÇÃO;1ª;127ª;25J4546988;16/11/2032;96,5% do DI;;;99,5788;0,48;1012,53550167;98,25;1079,91;;
07/08/2026;CYRELA BRAZIL REALTY S.A. EMPREENDIMENTOS E PARTICIPAÇÕES;COMPANHIA PROVÍNCIA DE SECURITIZAÇÃO;2ª;102ª;25D0012203;15/04/2030;97% do DI;101,9466;97,6466;99,6175;1,39;1031,21328422;99;728,41;;
07/08/2026;Allos VI;OPEA SECURITIZADORA S/A;1ª;558ª;26C3164285;12/03/2031;97% do DI;100,21;96,3333;98,13;0,38;1004,03080165;99,49;865,46;;
07/08/2026;SÃO MARTINHO S.A.;VERT COMPANHIA SECURITIZADORA;1ª;104ª;CRA025003PD;15/06/2032;97% do DI;106,6233;102,19;103,7058;0,88;983,0340545;96,37;1036,06;;
07/08/2026;SOCIEDADE BENEFICENTE ISRAELITA BRASILEIRA HOSPITAL ALBERT EINSTEIN;RIZA SECURITIZADORA S.A.;1ª;186ª;24H1684874;17/08/2029;97,5% do DI;99,7175;94,66;97,0661;0,37;1063,38385679;100,07;325,39;;
07/08/2026;CYRELA BRAZIL REALTY S.A.;COMPANHIA PROVÍNCIA DE SECURITIZAÇÃO;1ª;57ª;24D2765586;15/04/2028;98% do DI;99,0333;97,2666;98,076;0,56;694,6244604;99,99;270,33;;
07/08/2026;PLANO E PLANO II;RIZA SECURITIZADORA S.A.;1ª;291ª;25G3629974;15/07/2030;98% do DI;103,2633;100,0;101,6553;1,04;993,59682535;98,49;788,62;;
07/08/2026;Multiplan;OPEA SECURITIZADORA S/A;1ª;494ª;25I0014209;19/09/2035;98% do DI;;;;;;;;;
07/08/2026;EZ TEC EMPREENDIMENTOS E PARTICIPAÇÕES S.A.;VERT COMPANHIA SECURITIZADORA;1ª;161ª;25K0012820;14/11/2030;98% do DI;;;;;;;;;
07/08/2026;SÃO MARTINHO S.A.;RIZA SECURITIZADORA S.A.;1ª;198ª;CRA024004H5;12/04/2027;98% do DI;101,7475;96,1966;98,7886;1,03;1042,4558485;99,94;159,33;;
07/08/2026;Log;OPEA SECURITIZADORA S/A;1ª;439ª;25D0113938;15/04/2030;99% do DI;;102,07;106,3248;4,26;1013,80614514;97,25;722,88;;
07/08/2026;PLANO E PLANO II;RIZA SECURITIZADORA S.A.;2ª;291ª;25G3629975;15/07/2031;99% do DI;;100,6999;103,1259;1,36;988,62029245;97,99;929,28;;
07/08/2026;MULTIPLAN EMPREENDIMENTOS IMOBILIÁRIOS S.A.;RIZA SECURITIZADORA S.A.;1ª;167ª;24E1393588;17/05/2029;99,5% do DI;101,69;97,2233;99,3263;0,24;1030,93589292;100,05;491,53;;
07/08/2026;Bem Brasil Alimentos S.A.;ECO SECURITIZADORA DE DIREITOS CREDITÓRIOS DO AGRONEGÓCIO S.A.;ª;354ª;CRA025008NB;15/10/2032;DI + 0,33%;1,4393;0,9993;1,172;0,1;1012,67638141;97;914,01;;
07/08/2026;MARFRIG GLOBAL FOODS S.A.;ECO SECURITIZADORA DE DIREITOS CREDITÓRIOS DO AGRONEGÓCIO S.A.;1ª;369ª;CRA024009Q2;15/10/2031;DI + 0,35%;2,1842;1,5;1,7897;0,25;991,05847508;94,93;914,89;;
07/08/2026;CYRELA BRAZIL REALTY S.A.;OPEA SECURITIZADORA S/A;489ª;1ª;22D1289009;15/06/2027;DI + 0,4%;0,5022;0,2017;0,3047;0,17;1022,16915132;100,08;202,97;;
07/08/2026;MINERVA S.A.;RIZA SECURITIZADORA S.A.;3ª;232ª;CRA02400AYN;17/11/2031;DI + 0,4%;;0,7213;2,3559;1,72;961,01957236;93,06;931,31;;
07/08/2026;BOA SAFRA SEMENTES S.A.;OPEA SECURITIZADORA S/A;2ª;162ª;CRA02500003;15/01/2030;DI + 0,4%;1,5089;1,1752;1,2764;0,02;985,07144191;97,61;702,71;;
07/08/2026;MARFRIG GLOBAL FOODS S.A.;ECO SECURITIZADORA DE DIREITOS CREDITÓRIOS DO AGRONEGÓCIO S.A.;3ª;387ª;CRA0250018J;16/04/2035;DI + 0,4%;;;2,6897;0,14;941,42889418;90,16;1135,41;;
07/08/2026;SLC AGRÍCOLA S.A.;OPEA SECURITIZADORA S/A;1ª;196ª;CRA025007PT;22/09/2033;DI + 0,4%;1,5183;0,8346;1,0897;0,15;1022,86141557;97,14;1064,15;;
07/08/2026;;RIZA SECURITIZADORA S.A.;3ª;182ª;CRA02300Q2Y;06/11/2028;DI + 0,48%;;;;;;;;;
07/08/2026;MINERVA S.A.;RIZA SECURITIZADORA S.A.;3ª;264ª;CRA025002S2;15/04/2032;DI + 0,5%;;;3,4631;0,8;934,30865417;89,45;952,19;;
07/08/2026;Iguatemi;OPEA SECURITIZADORA S/A;1ª;189ª;23J0019601;16/10/2028;DI + 0,55%;;;;;;;;;
07/08/2026;MULTIPLAN EMPREENDIMENTOS IMOBILIÁRIOS S.A.;RIZA SECURITIZADORA S.A.;1ª;123ª;23K0018602;15/01/2031;DI + 0,6%;0,6456;0,2622;0,387;0,01;1015,33915504;100,59;696,73;;
07/08/2026;SOMA;RIZA SECURITIZADORA S.A.;1ª;138ª;24B0013201;15/02/2028;DI + 0,6%;2,6856;1,8761;2,2454;0,4;1045,68598363;97,87;333,75;;
07/08/2026;RAIA DROGASIL S.A.;OPEA SECURITIZADORA S/A;2ª;208ª;23H1188857;15/09/2027;DI + 0,65%;0,4656;0,0989;0,1508;0,05;1062,8993989;100,5;251,62;;
07/08/2026;CAMIL ALIMENTOS S.A.;ECO SECURITIZADORA DE DIREITOS CREDITÓRIOS DO AGRONEGÓCIO S.A.;1ª;292ª;CRA02300RS5;16/11/2028;DI + 0,65%;;1,5819;2,3741;1,36;999,63397754;96,75;490,01;;
07/08/2026;RAIA DROGASIL S.A.;OPEA SECURITIZADORA S/A;495ª;1ª;22C0023008;08/03/2027;DI + 0,7%;0,4456;0,0789;0,1375;0,08;532,02690558;100,3;134,72;;
07/08/2026;DIRECIONAL ENGENHARIA S.A.;OPEA SECURITIZADORA S/A;1ª;241ª;23K0018401;16/11/2028;DI + 0,7%;;;0,3742;0,18;1039,92845815;100,63;491,69;;
07/08/2026;IPIRANGA PRODUTOS DE PETRÓLEO S.A.;VERT COMPANHIA SECURITIZADORA;2ª;88ª;CRA02300GCY;16/07/2027;DI + 0,7%;;;;;;;;;
07/08/2026;MINERVA S.A.;RIZA SECURITIZADORA S.A.;2ª;272ª;CRA025005V6;15/07/2033;DI + 0,7%;;;3,9831;0,02;880,69023524;87,25;1051,82;;
07/08/2026;HYPERA S.A.;OPEA SECURITIZADORA S/A;1ª;59ª;22E1325261;16/08/2027;DI + 0,75%;0,7239;0,3406;0,5006;0,05;1071,56016842;100,23;230,62;;
07/08/2026;RAIA DROGASIL S.A.;OPEA SECURITIZADORA S/A;1ª;31ª;22F0230096;26/06/2029;DI + 0,75%;0,5222;0,1556;0,2242;0,03;1027,73091003;101,08;515,13;;
07/08/2026;BCBF PARTICIPAÇÕES S.A.;RIZA SECURITIZADORA S.A.;1ª;62ª;22K0934871;15/12/2027;DI + 0,75%;7,9142;6,9795;7,4539;0,75;943,31995488;92,31;312,46;;
07/08/2026;NATURA COSMÉTICOS S.A.;RIZA SECURITIZADORA S.A.;1ª;54ª;22I0970801;15/09/2027;DI + 0,8%;0,5156;0,1656;0,3506;0,02;1062,91252294;100,45;251,37;;
07/08/2026;DIAGNÓSTICOS DA AMÉRICA S.A.;VERT COMPANHIA SECURITIZADORA;1ª;94ª;22J0305579;15/10/2027;DI + 0,8%;6,6057;3,5;5,0776;1,14;999,62677054;95,61;271,67;;
07/08/2026;JBS S.A.;RIZA SECURITIZADORA S.A.;2ª;176ª;CRA02300JG2;15/09/2028;DI + 0,8%;1,2727;-0,2168;0,4677;0,04;1064,51403452;100,59;449,7;;
07/08/2026;BANCO BTG PACTUAL S.A.;OPEA SECURITIZADORA S/A;2ª;218ª;CRA02300NRM;16/11/2033;DI + 0,8%;0,2822;;0,0756;0,23;1067,65900148;103,35;1158,74;;
07/08/2026;BRF S.A.;ECO SECURITIZADORA DE DIREITOS CREDITÓRIOS DO AGRONEGÓCIO S.A.;1ª;332ª;CRA0240066F;15/06/2029;DI + 0,8%;2,4067;1,8567;2,1356;0,1;990,62117089;96,93;595,82;;
07/08/2026;EVEN CONSTRUTORA E INCORPORADORA S.A.;OPEA SECURITIZADORA S/A;1ª;40ª;22E1315701;18/09/2028;DI + 0,9%;;;0,9957;0,37;1008,07108018;99,91;250,26;;
07/08/2026;YDUQS PARTICIPAÇÕES S.A.;OPEA SECURITIZADORA S/A;2ª;197ª;23J1142031;13/10/2028;DI + 0,9%;0,9456;0,5622;0,7919;0,21;1047,47490765;100,16;370,56;;
07/08/2026;SOROCABA REFRESCOS S.A.;ECO SECURITIZADORA DE DIREITOS CREDITÓRIOS DO AGRONEGÓCIO S.A.;1ª;193ª;CRA022008NC;15/08/2029;DI + 0,9%;2,0;0,3744;1,1746;0,22;1066,24986777;99,66;314,55;;
07/08/2026;VAMOS LOCAÇÃO DE CAMINHÕES, MÁQUINAS E EQUIPAMENTOS S.A.;ECO SECURITIZADORA DE DIREITOS CREDITÓRIOS DO AGRONEGÓCIO S.A.;1ª;233ª;CRA023000GP;17/01/2028;DI + 0,9%;4,8493;3,1343;4,1079;0,38;968,3140513;95,91;335,76;;
07/08/2026;COOXUPÉ - COOPERATIVA REGIONAL DE CAFEICULTORES EM GUAXUPÉ LTDA.;VERT COMPANHIA SECURITIZADORA;1ª;96ª;CRA024007K9;16/07/2029;DI + 0,9%;2,2088;0,8659;1,5425;0,02;996,26027853;98,68;526,97;;
07/08/2026;LOCALIZA RENT A CAR S.A.;RIZA SECURITIZADORA S.A.;1ª;22ª;22F0315398;07/06/2027;DI + 0,95%;0,6156;0,2489;0,4526;0,17;1029,67685976;100,39;196,66;;
07/08/2026;MARFRIG GLOBAL FOODS S.A.;ECO SECURITIZADORA DE DIREITOS CREDITÓRIOS DO AGRONEGÓCIO S.A.;1ª;318ª;CRA024002MJ;15/03/2029;DI + 0,95%;2,4542;1,9292;2,2282;0,14;1031,01432538;97,37;531,78;;
07/08/2026;REDE D'OR SÃO LUIZ S.A.;OPEA SECURITIZADORA S/A;1ª;176ª;23H0027402;15/08/2028;DI + 1%;0,3722;0,0222;0,1744;0,06;1085,30663329;101,4;427,88;;
07/08/2026;SÃO SALVADOR ALIMENTOS S.A.;ECO SECURITIZADORA DE DIREITOS CREDITÓRIOS DO AGRONEGÓCIO S.A.;1ª;173ª;CRA022006HJ;15/07/2027;DI + 1%;2,0;0,3744;1,1689;0,22;1008,16257258;99,85;224,66;;
07/08/2026;COMPANHIA DE LOCAÇÃO DAS AMÉRICAS;ECO SECURITIZADORA DE DIREITOS CREDITÓRIOS DO AGRONEGÓCIO S.A.;2ª;157ª;CRA022008C9;15/09/2028;DI + 1%;1,1721;0,4471;0,7324;0,1;1064,03151966;100,47;448,66;;
07/08/2026;JALLES MACHADO S.A.;ECO SECURITIZADORA DE DIREITOS CREDITÓRIOS DO AGRONEGÓCIO S.A.;1ª;200ª;CRA022008CB;09/08/2032;DI + 1%;2,0;1,0;1,436;0,1;996,24540768;98,39;944,75;;
07/08/2026;RAIA DROGASIL S.A.;OPEA SECURITIZADORA S/A;3ª;208ª;23H1191899;16/09/2030;DI + 1,1%;0,6217;0,2717;0,3925;0,15;1080,10147975;101,95;692,09;;
07/08/2026;MINERVA S.A.;RIZA SECURITIZADORA S.A.;1ª;197ª;CRA024002S1;15/03/2029;DI + 1,1%;;0,7439;1,9134;1,51;1041,69705743;98,32;531,44;;
07/08/2026;CEREAL COMÉRCIO EXPORTAÇÃO E REPRESENTAÇÃO AGROPECUÁRIA S.A.;RIZA SECURITIZADORA S.A.;1ª;222ª;CRA02400AHV;16/11/2029;DI + 1,1%;2,0588;0,9731;1,4936;0,11;1023,94766774;98,99;654,32;;
07/08/2026;Assai;TRUE SECURITIZADORA S/A;3ª;192ª;23F2455020;15/07/2028;DI + 1,15%;;;;;;;;;
07/08/2026;VAMOS LOCAÇÃO DE CAMINHÕES, MÁQUINAS E EQUIPAMENTOS S.A.;ECO SECURITIZADORA DE DIREITOS CREDITÓRIOS DO AGRONEGÓCIO S.A.;2ª;233ª;CRA023000MC;15/01/2030;DI + 1,2%;4,8953;3,9995;4,4124;1,04;1437,88233452;89,92;857;;
07/08/2026;JSL S.A.;ECO SECURITIZADORA DE DIREITOS CREDITÓRIOS DO AGRONEGÓCIO S.A.;3ª;309ª;CRA024001P7;17/02/2031;DI + 1,2%;5,4653;4,0;4,8516;0,17;976,9680239;91,2;647,12;;
07/08/2026;SLC MÁQUINAS LTDA.;OPEA SECURITIZADORA S/A;2ª;93ª;CRA024007Q4;15/08/2031;DI + 1,2%;1,8729;0,7174;1,2579;0,17;1069,77015544;99,85;656,59;;
07/08/2026;LOCALIZA RENT A CAR S.A.;RIZA SECURITIZADORA S.A.;1ª;89ª;23C0247388;10/03/2028;DI + 1,25%;0,6222;;0,4195;0,21;1074,74293964;101,15;348,74;;
07/08/2026;DIMED S.A.;OPEA SECURITIZADORA S/A;1ª;155ª;23G0009601;27/07/2028;DI + 1,3%;;;0,237;0,04;812,89444752;101,2;285,51;;
07/08/2026;LOCALIZA RENT A CAR S.A.;RIZA SECURITIZADORA S.A.;2ª;89ª;23C0247702;11/03/2030;DI + 1,4%;;;0,4877;0,2;1089,61781673;102,48;685,5;;35%
07/08/2026;IRANI PAPEL E EMBALAGEM S.A.;ECO SECURITIZADORA DE DIREITOS CREDITÓRIOS DO AGRONEGÓCIO S.A.;1ª;194ª;CRA022008NF;16/08/2027;DI + 1,4%;1,6908;1,0089;1,2943;0,5;1073,3760939;100,1;229,55;;
07/08/2026;INTEGRADA COOPERATIVA AGROINDUSTRIAL;ECO SECURITIZADORA DE DIREITOS CREDITÓRIOS DO AGRONEGÓCIO S.A.;1ª;224ª;CRA023002GX;15/05/2028;DI + 1,4%;2,74;0,6011;1,4311;0,02;413,87125628;99,96;299,37;;
07/08/2026;MOVIDA PARTICIPAÇÕES S.A.;OPEA SECURITIZADORA S/A;1ª;193ª;23J1127308;16/10/2028;DI + 1,45%;;;4,2644;0,27;995,99404731;95,07;463,92;;
07/08/2026;HAVAN S.A.;OPEA SECURITIZADORA S/A;463ª;1ª;22C1235206;27/04/2027;DI + 1,5%;0,8739;0,5072;0,6697;0,17;1010,81765325;100,55;168,52;;
07/08/2026;NEOMILLE S.A.;ECO SECURITIZADORA DE DIREITOS CREDITÓRIOS DO AGRONEGÓCIO S.A.;1ª;206ª;CRA0220080Y;03/04/2028;DI + 1,5%;2,2781;1,2916;1,7092;0,16;420,69773998;99,78;269,85;;
07/08/2026;MARFRIG GLOBAL FOODS S.A.;ECO SECURITIZADORA DE DIREITOS CREDITÓRIOS DO AGRONEGÓCIO S.A.;2ª;273ª;CRA02300G7E;15/08/2028;DI + 1,5%;2,2167;1,5;1,9339;0,36;1065,13511579;99,28;424,19;;
07/08/2026;MINERVA S.A.;RIZA SECURITIZADORA S.A.;1ª;179ª;CRA02300MJ9;15/09/2028;DI + 1,5%;2,0433;0,7583;1,3992;1,24;1063,00152446;100,18;445,99;;
07/08/2026;LAR COOPERATIVA AGROINDUSTRIAL;ECO SECURITIZADORA DE DIREITOS CREDITÓRIOS DO AGRONEGÓCIO S.A.;2ª;319ª;CRA024003UY;16/04/2029;DI + 1,55%;1,9854;1,3472;1,5445;0,16;1010,12484481;100,01;463,85;;
07/08/2026;VICUNHA TÊXTIL S.A.;RIZA SECURITIZADORA S.A.;1ª;186ª;CRA0240020A;15/02/2029;DI + 1,6%;4,0072;1,8459;2,4877;1,88;1054,65920194;98,26;508,06;;
07/08/2026;VALE DO TIJUCO AÇÚCAR E ÁLCOOL S.A.;ECO SECURITIZADORA DE DIREITOS CREDITÓRIOS DO AGRONEGÓCIO S.A.;1ª;354ª;CRA0240099E;16/10/2034;DI + 1,6%;2,1089;1,9692;2,027;0,08;1030,95014422;98,37;986,41;;
07/08/2026;Salton;OPEA SECURITIZADORA S/A;1ª;208ª;CRA025009KJ;09/12/2031;DI + 1,6%;;2,25;2,6856;0,08;973,21831846;97,32;641,6;;
07/08/2026;DIAGNÓSTICAS DA AMÉRICA S.A.;VERT COMPANHIA SECURITIZADORA;1ª;124ª;24A2720884;15/01/2029;DI + 1,63%;6,5679;3,0031;5,0559;1,12;942,67059547;93,33;523,4;;
07/08/2026;ÂNIMA HOLDING S.A.;RIZA SECURITIZADORA S.A.;1ª;76ª;22L1465644;15/12/2027;DI + 1,65%;1,9753;1,45;1,8051;0,16;1008,23236389;99,82;305,87;;
07/08/2026;J. MACÊDO S.A.;RIZA SECURITIZADORA S.A.;1ª;166ª;CRA0230073L;17/04/2028;DI + 1,65%;1,3;;1,164;0,29;788,88430891;100,42;217,44;;
07/08/2026;TRISUL S.A.;TRUE SECURITIZADORA S/A;1ª;85ª;22J0000801;15/12/2027;DI + 1,7%;;;;;;;;;
07/08/2026;LOG COMMERCIAL PROPERTIES E PARTICIPAÇÕES S.A.;OPEA SECURITIZADORA S/A;1ª;167ª;23F0012002;26/06/2028;DI + 1,7%;;0,6661;0,9269;0,33;685,02350406;100,94;309,98;;
07/08/2026;Unidas;OPEA SECURITIZADORA S/A;1ª;236ª;23L2043099;15/12/2028;DI + 1,7%;;1,0;1,5464;0,05;1026,53754158;100,31;506,65;;
07/08/2026;UNIDAS LOCAÇÕES E SERVIÇOS S.A.;OPEA SECURITIZADORA S/A;1ª;121ª;CRA02300VBT;15/12/2028;DI + 1,7%;2,0409;0,4;1,3823;0,04;1029,88145278;100,63;506,81;;
07/08/2026;IRANI PAPEL E EMBALAGEM S.A.;ECO SECURITIZADORA DE DIREITOS CREDITÓRIOS DO AGRONEGÓCIO S.A.;2ª;194ª;CRA022008NH;15/08/2029;DI + 1,75%;1,6071;0,2938;1,0093;0,03;1089,99760009;101,48;507,88;;
07/08/2026;VALE DO PONTAL AÇÚCAR E ETANOL S.A.;ECO SECURITIZADORA DE DIREITOS CREDITÓRIOS DO AGRONEGÓCIO S.A.;1ª;234ª;CRA0230012X;17/02/2031;DI + 1,8%;3,24;1,1411;1,9509;0;1069,70191174;99,57;729,08;;
07/08/2026;CEREAL COMÉRCIO EXPORTAÇÃO E REPRESENTAÇÃO AGROPECUÁRIA S.A.;RIZA SECURITIZADORA S.A.;1ª;183ª;CRA0240005N;15/01/2029;DI + 1,8%;2,4208;0,7959;1,5588;0,26;1013,2975515;100,31;323,59;;
07/08/2026;PATRIMAR ENGENHARIA S.A.;RIZA SECURITIZADORA S.A.;1ª;212ª;24K0003002;23/11/2029;DI + 1,95%;;2,81;3,3595;0,45;1001,63266891;96,94;568,97;;
07/08/2026;CAPAL COOPERATIVA AGROINDUSTRIAL;OPEA SECURITIZADORA S/A;1ª;114ª;CRA02300Q8I;17/05/2029;DI + 1,95%;2,3833;0,9044;1,6296;0;608,31926495;100,48;379,49;;
07/08/2026;BR PROPERTIES S.A.;OPEA SECURITIZADORA S/A;1ª;179ª;23H1023846;15/08/2031;DI + 2%;1,4654;1,0;1,1737;0,15;958,89584704;102,29;705,38;;
07/08/2026;PATRIMAR ENGENHARIA S.A.;RIZA SECURITIZADORA S.A.;1ª;121ª;23J1333602;20/10/2028;DI + 2%;;;;;;;;;
07/08/2026;USINA BATATAIS S.A.;RIZA SECURITIZADORA S.A.;1ª;101ª;CRA022001P6;20/04/2028;DI + 2%;2,0328;0,5161;1,2993;0;1017,10642941;101,04;376,81;;
07/08/2026;VICUNHA TÊXTIL S.A.;RIZA SECURITIZADORA S.A.;2ª;123ª;CRA022008C2;16/08/2027;DI + 2%;3,6206;2,2231;2,7318;1,14;1071,79531686;99,67;116,86;;
07/08/2026;FS INDÚSTRIA DE BIOCOMBUSTÍVEIS LTDA.;ECO SECURITIZADORA DE DIREITOS CREDITÓRIOS DO AGRONEGÓCIO S.A.;2ª;310ª;CRA024000B7;15/07/2030;DI + 2%;4,0;;3,5815;0,66;965,96193794;95,61;732,13;;10%
07/08/2026;ORIGINAL HOLDING S.A;OPEA SECURITIZADORA S/A;1ª;126ª;23D0005401;15/04/2028;DI + 2,05%;;;;;;;;;
07/08/2026;GJA INDÚSTRIAS S.A.;RIZA SECURITIZADORA S.A.;1ª;171ª;CRA02300BQD;16/07/2029;DI + 2,25%;;;;;;;;;
07/08/2026;Integrada Cooperativa Agroindustrial;ECO SECURITIZADORA DE DIREITOS CREDITÓRIOS DO AGRONEGÓCIO S.A.;2ª;378ª;CRA025000MJ;15/05/2029;DI + 2,35%;3,0;1,5;2,25;0;779,13054623;100,15;378,86;;
07/08/2026;LAR COOPERATIVA AGROINDUSTRIAL;HABITASEC SECURITIZADORA S.A.;2ª;17ª;22L1212138;19/12/2034;DI + 2,45%;2,9928;1,9642;2,2569;0,14;913,38899664;100,55;725,53;;
07/08/2026;FLORA PRODUTOS DE HIGIENE E LIMPEZA S.A.;OPEA SECURITIZADORA S/A;1ª;71ª;CRA02300KZL;15/10/2029;DI + 2,5%;;;;;;;;;
07/08/2026;Natural One S.A.;ECO SECURITIZADORA DE DIREITOS CREDITÓRIOS DO AGRONEGÓCIO S.A.;1ª;321ª;CRA024005K1;25/05/2029;DI + 2,5%;;2,9073;3,0307;0,22;1021,97429914;98,86;558,94;;
07/08/2026;FS INDÚSTRIA DE BIOCOMBUSTÍVEIS LTDA.;ECO SECURITIZADORA DE DIREITOS CREDITÓRIOS DO AGRONEGÓCIO S.A.;1ª;243ª;CRA02300795;15/10/2029;DI + 2,9%;3,7621;3,2;3,4695;0,1;997,24056407;98,65;621,53;;
07/08/2026;FS INDÚSTRIA DE BIOCOMBUSTÍVEIS LTDA.;ECO SECURITIZADORA DE DIREITOS CREDITÓRIOS DO AGRONEGÓCIO S.A.;1ª;264ª;CRA02300CCH;17/12/2029;DI + 2,9%;3,9133;3,2071;3,5072;0,11;995,77052558;98,5;646,03;;
07/08/2026;Natural One S.A;ECO SECURITIZADORA DE DIREITOS CREDITÓRIOS DO AGRONEGÓCIO S.A.;1ª;396ª;CRA0250040I;15/06/2029;DI + 2,9%;;2,9061;3,0014;0,3;1023,67736907;99,85;400,89;;
07/08/2026;CENTRAL CRESOL BASER;ECO SECURITIZADORA DE DIREITOS CREDITÓRIOS DO AGRONEGÓCIO S.A.;1ª;174ª;CRA0220099D;15/12/2027;DI + 2,95%;1,9333;0,4924;1,1503;0;346,58540696;101,41;200,07;;
07/08/2026;OLFAR S.A.;RIZA SECURITIZADORA S.A.;1ª;158ª;CRA023003JX;15/03/2029;DI + 3%;3,45;1,3566;2,2003;0;874,42895564;100,91;292,8;;
07/08/2026;DISTRIBUIDORA DE PRODUTOS DE PETRÓLEO CHARRUA LTDA.;OPEA SECURITIZADORA S/A;1ª;145ª;CRA0240086H;23/08/2029;DI + 3%;3,8572;2,0286;2,4732;1,04;1018,00190255;101,08;529,51;;
07/08/2026;FS FLORESTAL S.A.;ECO SECURITIZADORA DE DIREITOS CREDITÓRIOS DO AGRONEGÓCIO S.A.;2ª;384ª;CRA0250012Y;17/03/2031;DI + 3%;3,6942;3,2;3,2428;0,08;1003,36909888;99,25;809,16;;
07/08/2026;FARMACIA E DROGARIA NISSEI S.A.;OPEA SECURITIZADORA S/A;1ª;120ª;23F0012602;22/06/2028;DI + 3,5%;;3,25;3,9993;0,73;626,70928527;99,57;223,62;;
07/08/2026;MADERO INDÚSTRIA E COMÉRCIO S.A.;ECO SECURITIZADORA DE DIREITOS CREDITÓRIOS DO AGRONEGÓCIO S.A.;2ª;141ª;CRA022000RU;15/03/2027;DI + 3,5%;4,0006;;3,4618;0,4;188,17280444;100,01;74,61;;
07/08/2026;USINA SANTA FÉ S.A.;ECO SECURITIZADORA DE DIREITOS CREDITÓRIOS DO AGRONEGÓCIO S.A.;1ª;313ª;CRA024002MM;17/12/2029;DI + 4%;4,9411;1,0;3,484;0,02;976,28303849;100,7;354,49;;
07/08/2026;USINA CORURIPE AÇÚCAR E ÁLCOOL S.A.;ECO SECURITIZADORA DE DIREITOS CREDITÓRIOS DO AGRONEGÓCIO S.A.;5ª;373ª;CRA02400ECU;25/11/2030;DI + 4,1%;5,0339;;4,5511;0,45;5086,37527495;99,24;443,12;;
07/08/2026;PISANI PLÁSTICOS S.A.;ECO SECURITIZADORA DE DIREITOS CREDITÓRIOS DO AGRONEGÓCIO S.A.;1ª;228ª;CRA023001JL;20/02/2029;DI + 5%;4,5489;3,2489;3,9443;0,23;586,36395594;101,12;277,98;;
07/08/2026;TECSOIL AUTOMAÇÃO E SISTEMAS S.A.;OPEA SECURITIZADORA S/A;1ª;113ª;CRA02300KOH;16/10/2028;DI + 5,5%;3,9933;1,9571;3,0072;0,14;777,1115462;102,32;243,39;;
07/08/2026;RAÍZEN ENERGIA S.A.;TRUE SECURITIZADORA S/A;2ª;73ª;CRA02300JR6;17/10/2033;IPCA + 0%;;;;;476,11070368;41,86;;15/05/2035;
07/08/2026;KLABIN S.A.;VERT COMPANHIA SECURITIZADORA;1ª;30ª;CRA019003JY;15/06/2029;IPCA + 3,5%;8,2014;7,2295;7,7336;0,07;1373,89021849;93,12;444,56;15/08/2028;10%
07/08/2026;RAÍZEN ENERGIA S.A.;OPEA SECURITIZADORA S/A;2ª;6ª;CRA019003V3;16/07/2029;IPCA + 3,602%;;;;;689,72274515;47,08;;15/08/2028;
07/08/2026;M. DIAS BRANCO S.A. INDÚSTRIA E COMÉRCIO DE ALIMENTOS;RIZA SECURITIZADORA S.A.;1ª;25ª;CRA021000MG;15/03/2028;IPCA + 3,7992%;9,0601;8,532;8,731;0,08;1293,27997358;93,12;386,65;15/08/2028;
07/08/2026;M. DIAS BRANCO S.A. INDÚSTRIA E COMÉRCIO DE ALIMENTOS;RIZA SECURITIZADORA S.A.;2ª;25ª;CRA021000MH;15/03/2031;IPCA + 4,1369%;8,9858;8,498;8,7379;0,09;1207,52938091;86,83;816,48;15/08/2030;
07/08/2026;COCAL COMÉRCIO INDÚSTRIA CANAÃ AÇÚCAR E ÁLCOOL LTDA.;RIZA SECURITIZADORA S.A.;2ª;23ª;CRA02100002;15/02/2028;IPCA + 4,2095%;10,849;8,6404;10,7375;0,24;710,25249805;95,63;183,58;15/05/2027;
07/08/2026;SÃO SALVADOR ALIMENTOS S.A.;RIZA SECURITIZADORA S.A.;1ª;17ª;CRA020003K0;16/11/2026;IPCA + 4,4462%;16,845;12,1886;15,9775;0,24;468,17645751;97,21;68;15/08/2026;
07/08/2026;COLOMBO AGROINDÚSTRIA S.A.;ECO SECURITIZADORA DE DIREITOS CREDITÓRIOS DO AGRONEGÓCIO S.A.;1ª;82ª;CRA021000MB;15/03/2027;IPCA + 4,4474%;11,1766;9,2892;10,2198;0,15;668,93299906;96,95;145,31;15/05/2027;
07/08/2026;MARFRIG GLOBAL FOODS S.A.;OPEA SECURITIZADORA S/A;1ª;16ª;CRA021001PQ;15/07/2028;IPCA + 4,5%;;11,499;11,8648;0,29;1163,86493578;88,11;467,65;15/08/2028;
07/08/2026;KLABIN S.A.;VERT COMPANHIA SECURITIZADORA;2ª;26ª;CRA019001E7;15/03/2029;IPCA + 4,5081%;8,2445;7,251;7,7591;0,06;1433,00042634;95,45;380,17;15/08/2028;
07/08/2026;MARFRIG GLOBAL FOODS S.A.;OPEA SECURITIZADORA S/A;2ª;16ª;CRA021001VA;15/07/2031;IPCA + 4,6%;11,6344;10,6002;11,2407;0,77;1061,39732987;80,35;886,13;15/08/2030;
07/08/2026;ALIANSCE SONAE SHOPPING CENTERS S.A.;RB CAPITAL INVESTIMENTOS DTVM LTDA;347ª;1ª;21G0065100;17/07/2028;IPCA + 4,6197%;8,9382;8,3893;8,6651;0,34;1242,49322051;93,26;462,98;15/08/2028;
07/08/2026;BRF S.A.;VERT COMPANHIA SECURITIZADORA;1ª;60ª;CRA0210013B;15/05/2031;IPCA + 4,7843%;;10,6883;11,5181;0,47;1041,58777362;76,99;1046,64;15/05/2031;
07/08/2026;COMPANHIA DE LOCAÇÃO DAS AMÉRICAS;ECO SECURITIZADORA DE DIREITOS CREDITÓRIOS DO AGRONEGÓCIO S.A.;1ª;104ª;CRA021001KB;15/07/2031;IPCA + 4,825%;9,2533;7,6624;8,3118;0,05;1181,59509486;89,01;891,52;15/08/2030;
07/08/2026;IPIRANGA PRODUTOS DE PETRÓLEO S.A.;VERT COMPANHIA SECURITIZADORA;1ª;63ª;CRA021002SO;15/09/2028;IPCA + 4,8287%;9,2155;8,1083;8,615;0,25;1236,68653116;93,22;498,05;15/08/2028;
07/08/2026;DIRECIONAL ENGENHARIA S.A.;OPEA SECURITIZADORA S/A;371ª;1ª;21D0737500;17/04/2028;IPCA + 4,8444%;8,7667;8,3708;8,5992;0,26;866,18776243;96,09;284,3;15/05/2027;
07/08/2026;REDE D'OR SÃO LUIZ S.A.;OPEA SECURITIZADORA S/A;324ª;1ª;21D0862572;15/05/2036;IPCA + 4,9347%;8,9225;8,2461;8,6365;0,21;1068,5870384;78,52;1722,89;15/05/2035;
07/08/2026;SENDAS DISTRIBUIDORA S.A.;OPEA SECURITIZADORA S/A;428ª;1ª;21H1078699;16/10/2028;IPCA + 5,1531%;11,4206;10,67;11,2948;0,37;1159,52439914;89,02;515,31;15/08/2028;
07/08/2026;SENDAS DISTRIBUIDORA S.A.;OPEA SECURITIZADORA S/A;429ª;1ª;21H1078700;15/10/2031;IPCA + 5,2662%;11,3333;10,4948;11,1931;0,28;1065,5542132;81,77;914,51;15/08/2030;
07/08/2026;COPERSUCAR S.A.;RIZA SECURITIZADORA S.A.;1ª;37ª;CRA021000SC;15/05/2028;IPCA + 5,2893%;;;;;;;;15/05/2027;
07/08/2026;BRF S.A.;VERT COMPANHIA SECURITIZADORA;1ª;46ª;CRA020002GZ;15/07/2027;IPCA + 5,3%;;9,3428;11,2556;0,36;1371,47583429;95,11;229,75;15/05/2027;
07/08/2026;CONSTRUTORA TENDA S.A.;OPEA SECURITIZADORA S/A;378ª;1ª;21D0694886;17/04/2028;IPCA + 5,3621%;;;10,2402;0,88;867,96995796;95,03;282,38;15/05/2027;
07/08/2026;PETROBRAS DISTRIBUIDORA S.A.;RIZA SECURITIZADORA S.A.;1ª;43ª;CRA021002NF;15/09/2031;IPCA + 5,3995%;9,6805;8,6551;9,1121;0,2;1211,10785622;88,44;886,48;15/08/2030;
07/08/2026;RAÍZEN ENERGIA S.A.;OPEA SECURITIZADORA S/A;1ª;10ª;CRA020001P7;15/06/2027;IPCA + 5,4%;;;;;615,42888687;43,25;;15/05/2027;
07/08/2026;MINERVA S.A.;RIZA SECURITIZADORA S.A.;1ª;39ª;CRA021000RX;17/04/2028;IPCA + 5,5034%;;10,4235;12,338;2,22;1240,69384617;90,45;402,14;15/08/2028;
07/08/2026;LOG COMMERCIAL PROPERTIES E PARTICIPAÇÕES S.A.;RIZA SECURITIZADORA S.A.;362ª;4ª;21I0278118;15/09/2028;IPCA + 5,5212%;9,8275;8,9852;9,4674;0,53;964,70788341;96,29;256,63;15/05/2027;
07/08/2026;REDE D'OR SÃO LUIZ S.A.;OPEA SECURITIZADORA S/A;396ª;1ª;21K0001806;15/12/2031;IPCA + 5,5758%;8,3805;8,0502;8,3379;0,23;1154,84578711;90,56;961,89;15/05/2031;35%
07/08/2026;MINERVA S.A.;RIZA SECURITIZADORA S.A.;39ª;2ª;CRA021000RY;15/04/2031;IPCA + 5,578%;10,1628;8,8224;9,0603;1,08;1234,02940108;89,95;817,41;15/08/2030;
07/08/2026;BRF S.A.;VERT COMPANHIA SECURITIZADORA;2ª;46ª;CRA020002H1;15/07/2030;IPCA + 5,6%;11,6908;11,1799;11,5972;0,46;1243,98277139;86,25;668,8;15/05/2029;
07/08/2026;NORSA REFRIGERANTES S.A.;RIZA SECURITIZADORA S.A.;1ª;95ª;CRA022002Y1;15/03/2027;IPCA + 5,685%;;8,583;8,8721;0,18;608,65408962;98,31;144,63;15/05/2027;
07/08/2026;VAMOS LOCAÇÃO DE CAMINHÕES, MÁQUINAS E EQUIPAMENTOS S.A.;ECO SECURITIZADORA DE DIREITOS CREDITÓRIOS DO AGRONEGÓCIO S.A.;1ª;81ª;CRA020003PY;18/11/2030;IPCA + 5,7315%;12,8549;12,4075;12,4228;0,04;1187,58953997;83,55;729,56;15/05/2029;
07/08/2026;ULTRA SOM SERVIÇOS MÉDICOS S.A.;RIZA SECURITIZADORA S.A.;378ª;4ª;21K0001812;15/12/2031;IPCA + 5,7505%;19,3005;16,4714;18,3362;0,45;796,86581925;62,78;1015,43;15/05/2031;5%
07/08/2026;CARAMURU ALIMENTOS S.A.;ECO SECURITIZADORA DE DIREITOS CREDITÓRIOS DO AGRONEGÓCIO S.A.;1ª;115ª;CRA021002YA;15/09/2027;IPCA + 5,7641%;13,6784;10,0299;11,7763;0,14;507,15860466;96,89;142,51;15/05/2027;
07/08/2026;RAÍZEN ENERGIA S.A.;TRUE SECURITIZADORA S/A;2ª;10ª;CRA020001P8;17/06/2030;IPCA + 5,8%;;;;;615,96566042;43,25;;15/05/2031;
07/08/2026;REDE D'OR SÃO LUIZ S.A.;OPEA SECURITIZADORA S/A;508ª;1ª;22D1289007;15/06/2029;IPCA + 5,83%;8,2298;7,9219;8,1504;0,12;1136,99044358;94,47;659,97;15/05/2029;
07/08/2026;CYRELA BRAZIL REALTY S.A.;OPEA SECURITIZADORA S/A;490ª;1ª;22D1289010;15/06/2027;IPCA + 5,9068%;8,2313;7,8476;8,1263;0,16;1200,10418702;98,31;207,46;15/05/2027;
07/08/2026;NORSA REFRIGERANTES S.A.;RIZA SECURITIZADORA S.A.;2ª;95ª;CRA022002Y2;15/03/2029;IPCA + 5,9169%;;;9,1332;0,08;1169,59899698;94,37;486,29;15/08/2028;
07/08/2026;IPIRANGA PRODUTOS DE PETRÓLEO S.A.;VERT COMPANHIA SECURITIZADORA;1ª;72ª;CRA022006N5;15/06/2032;IPCA + 6,0053%;9,1724;8,0649;8,5838;0,28;1086,99845109;90,44;1047,02;15/05/2031;
07/08/2026;REDE D'OR SÃO LUIZ S.A.;OPEA SECURITIZADORA S/A;509ª;1ª;22D1289008;15/06/2032;IPCA + 6,01%;8,4903;8,0697;8,2364;0,27;1103,61460741;91,67;1048,63;15/05/2031;
07/08/2026;NORSA REFRIGERANTES S.A.;RIZA SECURITIZADORA S.A.;3ª;95ª;CRA022002Y3;15/03/2032;IPCA + 6,0392%;;8,2457;8,7826;0,2;1121,52787722;90,45;983,15;15/05/2031;
07/08/2026;JBS S.A.;RIZA SECURITIZADORA S.A.;3ª;98ª;CRA022002XN;15/04/2037;IPCA + 6,0953%;9,2895;8,9275;9,0869;1,14;1006,05700415;81,98;1761,88;15/05/2035;
07/08/2026;REDE D'OR SÃO LUIZ S.A.;OPEA SECURITIZADORA S/A;397ª;1ª;21K0001807;15/12/2036;IPCA + 6,1017%;8,6117;8,1243;8,3239;0,08;1101,98812186;86,35;1758,6;15/05/2035;
07/08/2026;CYRELA BRAZIL REALTY S.A.;OPEA SECURITIZADORA S/A;491ª;1ª;22D1289011;15/06/2029;IPCA + 6,128%;;;;;;;;15/08/2028;
07/08/2026;PETRÓLEO BRASILEIRO S.A. - PETROBRAS;OPEA SECURITIZADORA S/A;1ª;67ª;22K0001201;15/04/2030;IPCA + 6,2%;7,6984;7,4834;7,6576;0,23;1163,64787343;95,59;833,43;15/08/2030;
07/08/2026;REDE D'OR SÃO LUIZ S.A.;OPEA SECURITIZADORA S/A;2ª;176ª;23H0027403;15/08/2030;IPCA + 6,2%;8,6287;8,0963;8,3331;0,21;1100,99642897;93,31;875,1;15/08/2030;
07/08/2026;Dexco S.A.;ECO SECURITIZADORA DE DIREITOS CREDITÓRIOS DO AGRONEGÓCIO S.A.;2ª;187ª;CRA022006MY;15/06/2032;IPCA + 6,2%;;;;;;;;15/05/2031;
07/08/2026;PETRÓLEO BRASILEIRO S.A. - PETROBRAS;OPEA SECURITIZADORA S/A;2ª;67ª;22K0001203;16/11/2032;IPCA + 6,25%;7,8452;7,568;7,7504;0,17;1161,41809592;93,1;1278,44;15/08/2032;
07/08/2026;HYPERA S.A.;OPEA SECURITIZADORA S/A;2ª;59ª;22E1325262;15/08/2029;IPCA + 6,279%;9,2251;8,6978;9,045;0,3;1145,12916951;93,31;677,31;15/05/2029;
07/08/2026;J. MACÊDO S.A.;ECO SECURITIZADORA DE DIREITOS CREDITÓRIOS DO AGRONEGÓCIO S.A.;1ª;111ª;CRA021002YF;16/11/2026;IPCA + 6,3071%;15,5121;9,9246;12,4672;0,47;121,9264228;99,19;36,36;15/08/2026;
07/08/2026;CAMIL ALIMENTOS S.A.;ECO SECURITIZADORA DE DIREITOS CREDITÓRIOS DO AGRONEGÓCIO S.A.;2ª;292ª;CRA02300S35;18/11/2030;IPCA + 6,3416%;;10,5133;12,8589;0,28;948,05880866;82,11;826,58;15/08/2030;5%
07/08/2026;MATEUS SUPERMERCADOS S.A.;OPEA SECURITIZADORA S/A;1ª;3ª;22C1362141;17/07/2034;IPCA + 6,3423%;;10,2743;10,6358;0,24;836,75863099;87,84;800,68;15/08/2030;
07/08/2026;CSN CIMENTOS S.A.;RIZA SECURITIZADORA S.A.;417ª;4ª;22B0004808;16/02/2032;IPCA + 6,3893%;19,089;13,8341;18,1772;0,2;859,61011255;67,54;910,87;15/08/2030;
07/08/2026;JBS S.A.;RIZA SECURITIZADORA S.A.;2ª;122ª;CRA022008N6;15/09/2032;IPCA + 6,3919%;9,6952;7,313;8,5206;0,12;1130,62338125;91,89;1069,32;15/05/2031;
07/08/2026;PETRÓLEO BRASILEIRO S.A. - PETROBRAS;OPEA SECURITIZADORA S/A;3ª;67ª;22K0001204;16/11/2037;IPCA + 6,4%;7,5537;7,3342;7,4954;0,19;1157,74168451;92,71;1845,38;15/05/2037;
07/08/2026;CIDADE MARAVILHOSA INDÚSTRIA E COMÉRCIO DE ROUPAS S.A.;RIZA SECURITIZADORA S.A.;3ª;138ª;24B0013203;15/02/2030;IPCA + 6,4%;10,7735;10,1853;10,4152;0,21;1043,99556325;90,57;670,44;15/05/2029;
07/08/2026;BANCO BTG PACTUAL S.A.;OPEA SECURITIZADORA S/A;3ª;92ª;CRA02300CYS;15/07/2033;IPCA + 6,4338%;8,0156;7,5581;7,9923;0,5;1063,01094778;92,13;1413,19;15/05/2033;
07/08/2026;HYPERA S.A.;OPEA SECURITIZADORA S/A;3ª;59ª;22E1325264;16/08/2032;IPCA + 6,4451%;9,1505;8,8023;9,0516;0,13;1110,09589828;90,39;1044,49;15/05/2031;
07/08/2026;JSL S.A.;ECO SECURITIZADORA DE DIREITOS CREDITÓRIOS DO AGRONEGÓCIO S.A.;2ª;309ª;CRA024001P6;17/02/2031;IPCA + 6,4527%;13,9908;12,3876;13,3634;0,33;953,73095804;82,62;753,82;15/05/2029;
07/08/2026;MRV ENGENHARIA E PARTICIPAÇÕES S.A.;OPEA SECURITIZADORA S/A;1ª;32ª;22E1095384;16/09/2030;IPCA + 6,4802%;;11,7977;12,5673;0,15;1050,12517907;85,91;680,39;15/05/2029;
07/08/2026;TENDA ATACADO S.A.;RIZA SECURITIZADORA S.A.;306ª;4ª;21J0001208;15/10/2026;IPCA + 6,4803%;20,7368;;19,9022;0,94;428,11458129;97,81;47;15/08/2026;
07/08/2026;DIRECIONAL ENGENHARIA S.A.;OPEA SECURITIZADORA S/A;1ª;2ª;22F0009804;15/06/2032;IPCA + 6,4899%;8,9389;8,5162;8,8748;0,2;1095,63580098;91,24;1036,84;15/05/2031;
07/08/2026;GJA INDÚSTRIAS S.A.;RIZA SECURITIZADORA S.A.;1ª;5ª;22F0009409;15/06/2029;IPCA + 6,5%;12,5276;11,2432;11,4685;0,28;1083,76611974;90,66;539,13;15/08/2028;
07/08/2026;BEM BRASIL ALIMENTOS S.A.;ECO SECURITIZADORA DE DIREITOS CREDITÓRIOS DO AGRONEGÓCIO S.A.;1ª;154ª;CRA022003JT;15/05/2029;IPCA + 6,5348%;10,5578;8,8669;9,5513;0,42;1161,32673276;95,55;408,55;15/08/2028;
07/08/2026;VAMOS LOCAÇÃO DE CAMINHÕES, MÁQUINAS E EQUIPAMENTOS S.A.;ECO SECURITIZADORA DE DIREITOS CREDITÓRIOS DO AGRONEGÓCIO S.A.;1ª;93ª;CRA022004MS;17/05/2032;IPCA + 6,5473%;14,2469;12,7834;13,7397;1,02;934,64789898;77;990,02;15/05/2031;35%
07/08/2026;REDE D'OR SÃO LUIZ S.A.;OPEA SECURITIZADORA S/A;3ª;176ª;23H0027404;15/08/2033;IPCA + 6,55%;8,7725;8,1157;8,45;0,14;1084,53580418;91,77;1215,93;15/08/2032;
07/08/2026;RAÍZEN ENERGIA S.A.;OPEA SECURITIZADORA S/A;1ª;38ª;CRA022008NB;16/08/2032;IPCA + 6,5885%;;;;;559,89313912;46,24;;15/05/2033;
07/08/2026;MRV ENGENHARIA E PARTICIPAÇÕES S.A.;RIZA SECURITIZADORA S.A.;442ª;4ª;22B0006022;15/02/2029;IPCA + 6,5954%;12,4187;12,0327;12,2217;0,13;1161,61739577;90,97;460,87;15/08/2028;
07/08/2026;JBS S.A.;RIZA SECURITIZADORA S.A.;2ª;204ª;CRA024004SA;15/05/2034;IPCA + 6,5975%;9,5351;7,4549;8,5448;0,04;1008,02626099;89,63;1509,12;15/05/2033;
07/08/2026;DIAGNÓSTICOS DA AMÉRICA S.A.;VERT COMPANHIA SECURITIZADORA;2ª;94ª;22J0306937;15/10/2029;IPCA + 6,6%;15,3374;11,902;13,7883;0,18;1013,86588425;83,14;708,11;15/05/2029;
07/08/2026;MARFRIG GLOBAL FOODS S.A.;ECO SECURITIZADORA DE DIREITOS CREDITÓRIOS DO AGRONEGÓCIO S.A.;3ª;273ª;CRA02300G7F;15/08/2030;IPCA + 6,6%;;11,3809;11,872;0,25;1002,21795836;84,71;858,46;15/08/2030;
07/08/2026;COMPANHIA DE LOCAÇÃO DAS AMÉRICAS;ECO SECURITIZADORA DE DIREITOS CREDITÓRIOS DO AGRONEGÓCIO S.A.;1ª;157ª;CRA022008C7;15/09/2028;IPCA + 6,6018%;9,5083;7,3326;8,337;0,11;1192,37299494;96,91;488,98;15/08/2028;
07/08/2026;HSL;TRUE SECURITIZADORA S/A;1ª;321ª;24E1835896;15/06/2034;IPCA + 6,6075%;;8,1108;8,3109;0,11;1055,21239863;94,38;910,61;15/08/2030;
07/08/2026;COCAL COMÉRCIO INDÚSTRIA CANAÃ AÇÚCAR E ÁLCOOL LTDA.;RIZA SECURITIZADORA S.A.;1ª;114ª;CRA022007KI;15/08/2030;IPCA + 6,6234%;12,3513;10,4688;11,1297;0,5;1098,28909643;89,62;661,48;15/05/2029;
07/08/2026;JBS S.A.;RIZA SECURITIZADORA S.A.;3ª;176ª;CRA02300JG3;16/09/2030;IPCA + 6,6441%;9,6179;6,9694;8,3094;0,13;1110,31365681;94,66;889,47;15/08/2030;
07/08/2026;JBS S.A.;RIZA SECURITIZADORA S.A.;3ª;122ª;CRA022008N7;15/09/2037;IPCA + 6,6614%;9,7577;8,9946;9,088;0,49;1048,20197849;85,11;1770,48;15/05/2035;10%
07/08/2026;MARFRIG GLOBAL FOODS S.A.;ECO SECURITIZADORA DE DIREITOS CREDITÓRIOS DO AGRONEGÓCIO S.A.;3ª;153ª;CRA022000XF;15/01/2032;IPCA + 6,663%;;10,9617;11,5281;0,71;1055,88659318;84,33;953,05;15/05/2031;
07/08/2026;JBS S.A.;RIZA SECURITIZADORA S.A.;4ª;176ª;CRA02300JG4;15/09/2033;IPCA + 6,6634%;9,7345;7,3176;8,5594;0,08;1075,51084759;91,69;1232,03;15/08/2032;
07/08/2026;DIRECIONAL ENGENHARIA S.A.;OPEA SECURITIZADORA S/A;2ª;331ª;24F1277567;15/07/2031;IPCA + 6,6747%;9,0424;8,521;8,8649;0,16;1021,67209164;92,47;967,45;15/05/2031;
07/08/2026;REDE D'OR SÃO LUIZ S.A.;OPEA SECURITIZADORA S/A;1ª;245ª;23L1737622;15/12/2033;IPCA + 6,6941%;;8,0312;8,4054;0,06;1056,40217767;92,1;1294,79;15/08/2032;
07/08/2026;SENDAS DISTRIBUIDORA S.A.;OPEA SECURITIZADORA S/A;3ª;72ª;22G1414303;17/09/2029;IPCA + 6,7%;11,3095;10,8941;11,1822;0,16;1117,81186741;90,81;587,54;15/05/2029;
07/08/2026;RAÍZEN ENERGIA S.A.;OPEA SECURITIZADORA S/A;2ª;38ª;CRA022008ND;17/08/2037;IPCA + 6,7382%;;;;;485,10391148;40,03;;15/05/2045;
07/08/2026;SLC AGRICOLA II;RIZA SECURITIZADORA S.A.;3ª;203ª;CRA0240066J;15/07/2031;IPCA + 6,7469%;10,0739;9,1791;9,5392;0,27;1001,0765795;90,41;979,98;15/05/2031;
07/08/2026;DIAGNÓSTICOS DA AMÉRICA S.A.;VERT COMPANHIA SECURITIZADORA;3ª;94ª;22J0306938;15/10/2032;IPCA + 6,75%;15,8853;11,5492;13,7283;0,18;931,87388539;76,38;1049,75;15/05/2031;
07/08/2026;VICUNHA II;RIZA SECURITIZADORA S.A.;3ª;186ª;CRA0240020C;15/02/2031;IPCA + 6,7641%;;;;;;;;15/08/2030;
07/08/2026;KLABIN S.A.;VERT COMPANHIA SECURITIZADORA;1ª;77ª;CRA022007EP;15/05/2034;IPCA + 6,7694%;8,0931;7,3719;7,7541;0,17;1139,17635735;94,61;1514,31;15/05/2033;
07/08/2026;JBS S.A.;RIZA SECURITIZADORA S.A.;3ª;204ª;CRA024004SB;16/05/2039;IPCA + 6,7825%;9,5595;7,3036;8,4669;0,1;992,22728598;88,19;1988,78;15/05/2037;
07/08/2026;SEARA ALIMENTOS LTDA.;RIZA SECURITIZADORA S.A.;2ª;218ª;CRA0240086K;15/09/2034;IPCA + 6,7931%;9,8014;8,5769;9,1403;0,57;984,69808612;87,54;1521,8;15/05/2033;
07/08/2026;Rede D'or X;OPEA SECURITIZADORA S/A;3ª;83ª;22K1520055;15/12/2029;IPCA + 6,7947%;;;;;;;;15/08/2030;
07/08/2026;MARFRIG GLOBAL FOODS S.A.;ECO SECURITIZADORA DE DIREITOS CREDITÓRIOS DO AGRONEGÓCIO S.A.;3ª;318ª;CRA024002ML;15/03/2034;IPCA + 6,7996%;;11,3044;11,8232;0,53;903,72927366;78,92;1269,31;15/08/2032;
07/08/2026;NATURA COSMÉTICOS S.A.;RIZA SECURITIZADORA S.A.;2ª;54ª;22I0970804;17/09/2029;IPCA + 6,8%;9,3541;8,941;9,1824;0,03;1160,01635139;94,1;693,36;15/05/2029;
07/08/2026;CAMIL ALIMENTOS S.A.;ECO SECURITIZADORA DE DIREITOS CREDITÓRIOS DO AGRONEGÓCIO S.A.;2ª;329ª;CRA0240066B;16/06/2031;IPCA + 6,8286%;;;10,3989;0,16;987,30508435;88,41;938,03;15/08/2030;
07/08/2026;BRF S.A.;VERT COMPANHIA SECURITIZADORA;2ª;78ª;CRA0220079D;15/07/2032;IPCA + 6,8344%;;11,3101;11,7788;0,25;1002,48655984;82,82;1036,83;15/05/2031;35%
07/08/2026;SEARA ALIMENTOS LTDA.;RIZA SECURITIZADORA S.A.;3ª;218ª;CRA0240086L;15/09/2044;IPCA + 6,8408%;9,7257;8,2722;9,0617;0,58;927,16364646;82,41;2279,79;15/08/2040;
07/08/2026;SÃO SALVADOR ALIMENTOS S.A.;ECO SECURITIZADORA DE DIREITOS CREDITÓRIOS DO AGRONEGÓCIO S.A.;2ª;173ª;CRA022006HK;15/07/2030;IPCA + 6,8911%;9,6621;7,8463;8,7155;0,18;1141,07429067;95,61;666,24;15/05/2029;
07/08/2026;NATURA COSMÉTICOS S.A.;RIZA SECURITIZADORA S.A.;3ª;54ª;22I0970868;15/09/2032;IPCA + 6,9%;9,696;9,0704;9,3072;0,13;1122,82551399;91,05;1053,87;15/05/2031;
07/08/2026;REDE D'OR SÃO LUIZ S.A.;OPEA SECURITIZADORA S/A;2ª;245ª;23L1737623;15/12/2038;IPCA + 6,9527%;8,2327;7,9114;8,1657;0,34;1050,07671072;91,52;1958,42;15/05/2037;
07/08/2026;VAMOS LOCAÇÃO DE CAMINHÕES, MÁQUINAS E EQUIPAMENTOS S.A.;ECO SECURITIZADORA DE DIREITOS CREDITÓRIOS DO AGRONEGÓCIO S.A.;2ª;93ª;CRA022004S9;15/05/2037;IPCA + 6,9739%;;12,317;12,4775;0,19;862,69233615;71;1644,74;15/05/2035;
07/08/2026;AÇUCAREIRA QUATÁ S.A.;OPEA SECURITIZADORA S/A;1ª;16ª;CRA021002N3;15/10/2026;IPCA + 6,9849%;17,0791;12,7586;16,9142;0,21;1274,94962053;98,36;47;15/08/2026;
07/08/2026;JBS S.A.;RIZA SECURITIZADORA S.A.;5ª;176ª;CRA02300JG5;15/09/2038;IPCA + 6,9938%;9,5634;7,5091;8,476;0,1;1058,11818481;90,1;1882,94;15/05/2037;
07/08/2026;JBS S.A.;RIZA SECURITIZADORA S.A.;4ª;204ª;CRA024004SC;16/05/2044;IPCA + 6,9947%;9,5514;8,4088;9,1086;0,58;937,68566022;83,31;2272,5;15/08/2040;
07/08/2026;USINA CERRADÃO S.A.;ECO SECURITIZADORA DE DIREITOS CREDITÓRIOS DO AGRONEGÓCIO S.A.;1ª;162ª;CRA022004XY;15/05/2028;IPCA + 6,9949%;10,1727;9,5234;9,8826;0,22;784,53885333;96,87;300,08;15/05/2027;
07/08/2026;GJA INDÚSTRIAS S.A.;RIZA SECURITIZADORA S.A.;2ª;5ª;22F0009410;15/06/2032;IPCA + 7%;12,3605;;11,3697;0,23;1017,37796737;85,08;1005,03;15/05/2031;
07/08/2026;MOVIDA PARTICIPAÇÕES S.A.;OPEA SECURITIZADORA S/A;3ª;159ª;23F1519397;16/06/2028;IPCA + 7%;13,9599;13,682;13,8507;0,2;1041,70588118;89,76;437,81;15/08/2028;
07/08/2026;JHSF PARTICIPAÇÕES S.A.;OPEA SECURITIZADORA S/A;4ª;295ª;24G1674104;17/07/2034;IPCA + 7,0163%;9,2487;8,6992;9,0932;0,24;878,50564774;91,55;1141,08;15/08/2032;
07/08/2026;MARFRIG GLOBAL FOODS S.A.;ECO SECURITIZADORA DE DIREITOS CREDITÓRIOS DO AGRONEGÓCIO S.A.;1ª;219ª;CRA02200C6Y;15/10/2029;IPCA + 7,0383%;;11,299;11,6906;0,33;1075,04207633;88,7;706,8;15/05/2029;
07/08/2026;SOROCABA REFRESCOS S.A.;ECO SECURITIZADORA DE DIREITOS CREDITÓRIOS DO AGRONEGÓCIO S.A.;2ª;342ª;CRA024007PU;15/08/2034;IPCA + 7,05%;9,9245;9,0298;9,3657;0,55;1010,59890935;89,09;1344,64;15/05/2033;
07/08/2026;BCBF PARTICIPAÇÕES S.A.;RIZA SECURITIZADORA S.A.;2ª;62ª;22K0934880;17/12/2029;IPCA + 7,0913%;20,4658;16,4591;18,5415;0,28;887,81249563;74,02;737,39;15/05/2029;
07/08/2026;AÇO VERDE DO BRASIL S.A.;RIZA SECURITIZADORA S.A.;1ª;120ª;CRA022006HE;15/06/2029;IPCA + 7,1543%;11,0621;9,8701;10,1803;0,31;1146,90911304;95,36;427,6;15/08/2028;10%
07/08/2026;VAMOS LOCAÇÃO DE CAMINHÕES, MÁQUINAS E EQUIPAMENTOS S.A.;ECO SECURITIZADORA DE DIREITOS CREDITÓRIOS DO AGRONEGÓCIO S.A.;3ª;233ª;CRA023000RT;15/01/2030;IPCA + 7,1638%;14,5958;13,7603;14,1142;1,15;977,52149855;82,56;763,16;15/08/2030;
07/08/2026;CARAMURU ALIMENTOS S.A.;ECO SECURITIZADORA DE DIREITOS CREDITÓRIOS DO AGRONEGÓCIO S.A.;1ª;172ª;CRA022006BU;16/07/2029;IPCA + 7,2043%;12,8494;9,8716;11,5533;0,71;666,44138364;93,2;442,57;15/08/2028;
07/08/2026;MINERVA S.A.;RIZA SECURITIZADORA S.A.;1ª;125ª;CRA0220073P;16/07/2029;IPCA + 7,2063%;;9,807;12,9923;0,51;1037,34909762;86,97;666,86;15/05/2029;
07/08/2026;SEARA ALIMENTOS LTDA.;RIZA SECURITIZADORA S.A.;2ª;263ª;CRA025000ME;15/02/2045;IPCA + 7,2266%;;;;;;;;15/08/2040;
07/08/2026;BRF S.A.;ECO SECURITIZADORA DE DIREITOS CREDITÓRIOS DO AGRONEGÓCIO S.A.;3ª;332ª;CRA0240066K;15/06/2034;IPCA + 7,2336%;11,3326;9,7935;11,2961;1,77;914,84631055;81,96;1324,39;15/05/2033;
07/08/2026;BCBF PARTICIPAÇÕES S.A.;RIZA SECURITIZADORA S.A.;3ª;62ª;22K0934889;15/12/2034;IPCA + 7,2792%;20,6064;16,1603;18,6244;0,34;694,67957336;57,9;1287,58;15/05/2033;
07/08/2026;ZAMP S.A.;RIZA SECURITIZADORA S.A.;3ª;188ª;CRA024001QA;15/02/2029;IPCA + 7,3%;;9,2447;9,3481;0,07;1116,35255974;95,83;566,08;15/05/2029;
07/08/2026;SLC MÁQUINAS LTDA.;OPEA SECURITIZADORA S/A;3ª;93ª;CRA024007Q5;15/08/2031;IPCA + 7,31%;10,6018;9,1152;9,7284;0,54;1063,42935423;93,55;749,23;15/05/2029;
07/08/2026;MARFRIG GLOBAL FOODS S.A.;ECO SECURITIZADORA DE DIREITOS CREDITÓRIOS DO AGRONEGÓCIO S.A.;2ª;219ª;CRA02200C6Z;15/10/2032;IPCA + 7,3352%;11,9958;11,377;11,7687;0,25;1022,34310855;84,28;1050,26;15/05/2031;
07/08/2026;DASA;VERT COMPANHIA SECURITIZADORA;3ª;124ª;24A2721507;15/01/2031;IPCA + 7,3402%;14,6072;13,0183;13,5763;1,48;934,26266075;82,47;851,88;15/08/2030;
07/08/2026;AÇO VERDE DO BRASIL S.A.;RIZA SECURITIZADORA S.A.;2ª;120ª;CRA022006HF;15/06/2032;IPCA + 7,3686%;10,9326;9,3676;10,0676;0,33;1087,78141442;90,42;1015,59;15/05/2031;
07/08/2026;MARFRIG GLOBAL FOODS S.A.;ECO SECURITIZADORA DE DIREITOS CREDITÓRIOS DO AGRONEGÓCIO S.A.;3ª;369ª;CRA024009Q4;16/10/2034;IPCA + 7,3693%;;11,2937;11,7146;0,18;897,51771618;80,56;1342,79;15/05/2033;
07/08/2026;SÃO CARLOS EMPREENDIMENTOS E PARTICIPAÇÕES S.A.;OPEA SECURITIZADORA S/A;1ª;50ª;22E1314836;17/09/2029;IPCA + 7,3826%;10,9197;10,5336;10,6499;0,33;1141,86703869;94,44;477,95;15/08/2028;
07/08/2026;FS AGRISOLUTIONS INDÚSTRIA DE BIOCOMBUSTÍVEIS LTDA.;ECO SECURITIZADORA DE DIREITOS CREDITÓRIOS DO AGRONEGÓCIO S.A.;2ª;140ª;CRA022001E2;15/02/2029;IPCA + 7,3913%;12,3257;11,477;11,7565;0,53;1197,4761457;94,68;342,33;15/08/2028;10%
07/08/2026;FS AGRISOLUTIONS INDÚSTRIA DE BIOCOMBUSTÍVEIS LTDA.;ECO SECURITIZADORA DE DIREITOS CREDITÓRIOS DO AGRONEGÓCIO S.A.;2ª;167ª;CRA022004SD;15/05/2029;IPCA + 7,3913%;12,6188;11,7639;12,0121;0,28;1141,70527805;93,43;402,84;15/08/2028;10%
07/08/2026;REFRESCOS BANDEIRANTES INDÚSTRIA E COMÉRCIO LTDA.;RIZA SECURITIZADORA S.A.;2ª;226ª;CRA02400AHZ;16/11/2034;IPCA + 7,41%;11,0525;10,7336;10,8346;0,96;928,22416293;84,02;1373,96;15/05/2033;
07/08/2026;JHSF PARTICIPAÇÕES S.A.;OPEA SECURITIZADORA S/A;1ª;341ª;24J2539865;16/10/2034;IPCA + 7,4183%;9,415;8,9866;9,3062;0,15;1016,68368815;90,85;1374,69;15/05/2033;
07/08/2026;CEREAL COMÉRCIO EXPORTAÇÃO E REPRESENTAÇÃO AGROPECUÁRIA S.A.;RIZA SECURITIZADORA S.A.;2ª;183ª;CRA0240005O;15/01/2029;IPCA + 7,4367%;10,4264;8,3649;9,2901;0,62;1105,83787427;97,72;338,14;15/08/2028;
07/08/2026;NARDINI AGROINDUSTRIAL LTDA.;OPEA SECURITIZADORA S/A;1ª;36ª;CRA022004H5;15/04/2028;IPCA + 7,4986%;;8,86;9,1144;0,15;804,40229743;98,35;280,3;15/05/2027;
07/08/2026;UNIDAS LOCADORA S.A.;OPEA SECURITIZADORA S/A;3ª;236ª;23L2043184;16/12/2030;IPCA + 7,5%;10,295;9,2924;9,9558;0,44;1064,43691137;92,72;839,64;15/08/2030;
07/08/2026;MARFRIG GLOBAL FOODS S.A.;ECO SECURITIZADORA DE DIREITOS CREDITÓRIOS DO AGRONEGÓCIO S.A.;4ª;369ª;CRA024009Q5;17/10/2039;IPCA + 7,5395%;;11,0933;11,4922;0,19;845,46436386;75,85;1840,45;15/05/2037;
07/08/2026;MINERVA S.A.;RIZA SECURITIZADORA S.A.;3ª;179ª;CRA02300MOQ;16/09/2030;IPCA + 7,5408%;;9,6853;11,7189;2,7;1045,56717494;88,89;772,71;15/08/2030;
07/08/2026;FARO ENERGY PROJETOS SOLARES HOLDING S.A.;OPEA SECURITIZADORA S/A;1ª;202ª;23L0034761;15/12/2038;IPCA + 7,5702%;11,5431;11,1429;11,3634;0,13;895,08342828;85,26;1112,64;15/05/2031;
07/08/2026;ELDORADO BRASIL CELULOSE S.A.;OPEA SECURITIZADORA S/A;3ª;192ª;CRA0250080Y;17/09/2040;IPCA + 7,6%;;8,5676;8,9876;0,4;963,07025473;89,68;2100,86;15/08/2040;
07/08/2026;CYRELA BRAZIL REALTY S.A. ;COMPANHIA PROVÍNCIA DE SECURITIZAÇÃO;3ª;102ª;25D0012204;15/04/2032;IPCA + 7,6693%;;;8,612;0,23;1039,23207529;96,37;1066,57;15/05/2031;
07/08/2026;MOVIDA PARTICIPAÇÕES S.A.;OPEA SECURITIZADORA S/A;3ª;193ª;23J1127331;17/10/2033;IPCA + 7,7279%;13,8565;12,5425;13,4289;0,64;912,8002331;78,13;1177,49;15/08/2032;
07/08/2026;ELDORADO BRASIL CELULOSE S.A.;OPEA SECURITIZADORA S/A;2ª;192ª;CRA0250080X;17/09/2035;IPCA + 7,7281%;;8,5921;9,124;0,41;988,84885676;92,03;1608,81;15/05/2035;
07/08/2026;BEM BRASIL ALIMENTOS S.A.;ECO SECURITIZADORA DE DIREITOS CREDITÓRIOS DO AGRONEGÓCIO S.A.;ª;371ª;CRA02400AYK;17/11/2031;IPCA + 7,737%;10,6332;8,67;9,7065;0,88;1035,57588702;93,73;896,07;15/08/2030;
07/08/2026; J. MACÊDO S.A.;RIZA SECURITIZADORA S.A.;2ª;166ª;CRA0230073N;15/04/2030;IPCA + 7,8%;9,7991;7,3482;8,5799;0,1;1009,17412375;98,74;441,05;15/08/2028;
07/08/2026;SEARA ;RIZA SECURITIZADORA S.A.;3ª;269ª;CRA025003PJ;17/05/2055;IPCA + 7,8%;;8,9701;9,6281;0,06;887,28810937;83,01;2621,49;15/05/2045;
07/08/2026;LAR COOPERATIVA AGROINDUSTRIAL;ECO SECURITIZADORA DE DIREITOS CREDITÓRIOS DO AGRONEGÓCIO S.A.;3ª;319ª;CRA024003UZ;15/04/2031;IPCA + 7,8363%;10,0817;8,7643;9,4983;0,34;1064,86172364;95,29;792,08;15/08/2030;
07/08/2026;LAR COOPERATIVA AGROINDUSTRIAL;ECO SECURITIZADORA DE DIREITOS CREDITÓRIOS DO AGRONEGÓCIO S.A.;1ª;120ª;CRA021004NV;15/11/2026;IPCA + 7,8749%;16,3964;12,6828;15,2061;0,26;421,951104;98,21;68;15/08/2026;
07/08/2026;BRF S.A.;ECO SECURITIZADORA DE DIREITOS CREDITÓRIOS DO AGRONEGÓCIO S.A.;3ª;403ª;CRA0250066B;16/07/2035;IPCA + 7,9064%;11,549;10,9304;11,5319;0,76;850,30828333;80,95;1573,07;15/05/2035;
07/08/2026;COGNA EDUCAÇÃO S.A.;OPEA SECURITIZADORA S/A;2ª;49ª;22E1321749;16/07/2029;IPCA + 7,9273%;9,734;9,1838;9,4603;0,16;1159,53932997;96,91;560,62;15/05/2029;
07/08/2026;CEREAL COMÉRCIO EXPORTAÇÃO E REPRESENTAÇÃO AGROPECUÁRIA S.A.;RIZA SECURITIZADORA S.A.;3ª;183ª;CRA0240005P;15/01/2031;IPCA + 7,9443%;10,1262;8,168;9,1062;0,26;1091,42650581;96,42;857,04;15/08/2030;
07/08/2026;COGNA EDUCAÇÃO S.A.;OPEA SECURITIZADORA S/A;3ª;49ª;22E1321750;15/07/2032;IPCA + 8,0031%;10,3906;9,3461;9,7685;0,2;1119,68363338;93,57;1027,92;15/05/2031;
07/08/2026;BRF S.A.;ECO SECURITIZADORA DE DIREITOS CREDITÓRIOS DO AGRONEGÓCIO S.A.;2ª;390ª;CRA0250020C;16/04/2035;IPCA + 8,04%;11,7422;9,1663;11,6705;0,62;883,57838855;81,7;1502,57;15/05/2033;
07/08/2026;ADUBOS ARAGUAIA INDÚSTRIA E COMÉRCIO LTDA.;ECO SECURITIZADORA DE DIREITOS CREDITÓRIOS DO AGRONEGÓCIO S.A.;1ª;175ª;CRA02200795;15/07/2027;IPCA + 8,1191%;11,981;11,3803;11,8331;0,22;580,5115642;96,99;228,18;15/05/2027;
07/08/2026;BRF S.A.;ECO SECURITIZADORA DE DIREITOS CREDITÓRIOS DO AGRONEGÓCIO S.A.;3ª;390ª;CRA0250020D;16/04/2040;IPCA + 8,2345%;;9,805;11,7607;1,01;848,40572624;78,4;1826,71;15/05/2037;
07/08/2026;MARFRIG GLOBAL FOODS S.A.;ECO SECURITIZADORA DE DIREITOS CREDITÓRIOS DO AGRONEGÓCIO S.A.;4ª;387ª;CRA0250018K;16/04/2040;IPCA + 8,2503%;11,8016;11,1835;11,4974;0,19;866,82900087;79,86;1838,64;15/05/2037;
07/08/2026;MARFRIG GLOBAL FOODS S.A;ECO SECURITIZADORA DE DIREITOS CREDITÓRIOS DO AGRONEGÓCIO S.A.;5ª;387ª;CRA0250018L;17/04/2045;IPCA + 8,3405%;;;10,9816;0,74;876,13832913;80,7;2126,56;15/08/2040;
07/08/2026;VALE DO TIJUCO AÇÚCAR E ÁLCOOL S.A.;ECO SECURITIZADORA DE DIREITOS CREDITÓRIOS DO AGRONEGÓCIO S.A.;2ª;354ª;CRA0240099F;16/10/2034;IPCA + 8,3558%;9,9047;9,5825;9,8762;0,3;1046,48557973;93,6;1187,36;15/08/2032;
07/08/2026;BRF S.A.;ECO SECURITIZADORA DE DIREITOS CREDITÓRIOS DO AGRONEGÓCIO S.A.;3ª;390ª;CRA0250020E;17/04/2045;IPCA + 8,38%;;;;;;;;15/08/2040;
07/08/2026;BRF S.A.;ECO SECURITIZADORA DE DIREITOS CREDITÓRIOS DO AGRONEGÓCIO S.A.;5ª;434ª;CRA02500BVX;15/12/2055;IPCA + 8,3857%;;9,6938;11,6843;1,35;775,58561301;73,88;2282,45;15/08/2040;
07/08/2026;Neomille S.A.;ECO SECURITIZADORA DE DIREITOS CREDITÓRIOS DO AGRONEGÓCIO S.A.;2ª;411ª;CRA025008C2;15/12/2032;IPCA + 8,4473%;;9,2038;9,7138;0,24;1000,64818057;94,75;1166,3;15/08/2032;
07/08/2026;CEREAL COMÉRCIO EXPORTAÇÃO E ;RIZA SECURITIZADORA S.A.;3ª;222ª;CRA02400AHX;16/11/2034;IPCA + 8,4704%;10,9625;8,989;9,9606;0,19;1034,96068332;92,87;1355,3;15/05/2033;
07/08/2026;Nardini II;OPEA SECURITIZADORA S/A;ª;193ª;CRA025008HR;15/10/2032;IPCA + 8,4773%;;;;;;;;15/05/2031;
07/08/2026;LAR COOPERATIVA AGROINDUSTRIAL;ECO SECURITIZADORA DE DIREITOS CREDITÓRIOS DO AGRONEGÓCIO S.A.;3ª;405ª;CRA025006NC;16/08/2032;IPCA + 8,7268%;10,143;9,7046;9,9736;0,13;999,24748382;95,15;1094,91;15/05/2031;
07/08/2026;FS INDÚSTRIA DE BIOCOMBUSTÍVEIS LTDA.;ECO SECURITIZADORA DE DIREITOS CREDITÓRIOS DO AGRONEGÓCIO S.A.;2ª;243ª;CRA02300796;15/10/2029;IPCA + 8,9555%;12,2824;11,2224;11,6703;0,21;1085,67475415;93,45;691,28;15/05/2029;
07/08/2026;OLFAR S.A.;RIZA SECURITIZADORA S.A.;2ª;158ª;CRA023003JY;15/03/2030;IPCA + 8,9738%;11,782;9,4197;10,5418;0,14;1137,26602719;97,38;467,24;15/08/2028;
07/08/2026;SENDAS DISTRIBUIDORA S.A.;OPEA SECURITIZADORA S/A;2ª;192ª;23F2455004;15/07/2027;;;15,5007;16,7158;0,08;968,95468151;96,17;226,16;;
07/08/2026;JSL;OPEA SECURITIZADORA S/A;4ª;187ª;23I1259644;15/09/2030;;;18,3033;19,4377;1,41;870,17691455;83,03;772,41;;
07/08/2026;YDUQS PARTICIPAÇÕES S.A.;OPEA SECURITIZADORA S/A;1ª;197ª;23J1141681;16/10/2028;;;14,3688;14,855;0,46;974,39265797;94,21;483,5;;
07/08/2026;MULTIPLAN EMPREENDIMENTOS IMOBILIÁRIOS S.A.;RIZA SECURITIZADORA S.A.;3ª;123ª;23K0018801;15/01/2031;;;;14,4045;0,14;927,55562414;92,1;718,98;;
07/08/2026;MRV;OPEA SECURITIZADORA S/A;3ª;226ª;23K0022030;15/12/2028;;;;;;;;;;
07/08/2026;Cogna;TRUE SECURITIZADORA S/A;2ª;242ª;23K0022041;15/11/2028;;;14,3775;14,9991;0,8;992,92949808;96,59;396,66;;
07/08/2026;DIAGNÓSTICOS DA AMÉRICA S.A.;VERT COMPANHIA SECURITIZADORA;2ª;124ª;24A2715837;15/01/2029;;;18,6017;19,6826;0,78;879,49222897;87,26;536,45;;
07/08/2026;DIAGNÓSTICOS DA AMÉRICA S.A;VERT COMPANHIA SECURITIZADORA;4ª;124ª;24A2721829;15/01/2031;;;18,4699;19,1977;1,19;849,51660467;84,26;777,98;;
07/08/2026;Log;OPEA SECURITIZADORA S/A;3ª;439ª;25D0271049;15/04/2032;;;;15,4428;0,12;1011,36699624;96,94;917,73;;
07/08/2026;MARFRIG GLOBAL FOODS S.A.;ECO SECURITIZADORA DE DIREITOS CREDITÓRIOS DO AGRONEGÓCIO S.A.;1ª;273ª;CRA02300G7D;16/08/2027;;;15,8689;16,7993;0,08;1001,12730425;95,34;235,87;;5%
07/08/2026;BANCO BTG PACTUAL S.A.;OPEA SECURITIZADORA S/A;4ª;106ª;CRA02300HWK;15/09/2033;;;12,8371;13,6346;0,51;974,95738318;93,22;1182,3;;45%
07/08/2026;RAÍZEN ENERGIA S.A.;OPEA SECURITIZADORA S/A;3ª;73ª;CRA02300JR7;17/10/2033;;;;;;445,17984913;42,52;;;
07/08/2026;FS Agrisolutions Indústria de Biocombustíveis LTDA;ECO SECURITIZADORA DE DIREITOS CREDITÓRIOS DO AGRONEGÓCIO S.A.;3ª;297ª;CRA02300SPD;15/06/2030;;;17,7572;17,9773;0,22;890,77818488;88,34;748,11;;
07/08/2026;Vamos Locação de Caminhões, Máquinas e Equipamentos S.A.;ECO SECURITIZADORA DE DIREITOS CREDITÓRIOS DO AGRONEGÓCIO S.A.;1ª;296ª;CRA02300SUZ;18/11/2030;;;18,2505;19,5915;1,53;844,66385123;82,25;743,72;;
07/08/2026;FS Indústria De Biocombustíveis Ltda;ECO SECURITIZADORA DE DIREITOS CREDITÓRIOS DO AGRONEGÓCIO S.A.;3ª;310ª;CRA024000B8;15/07/2030;;;;17,9598;1,03;889,52011457;88,21;759,1;;
07/08/2026;JSL S.A.;ECO SECURITIZADORA DE DIREITOS CREDITÓRIOS DO AGRONEGÓCIO S.A.;1ª;309ª;CRA024001P5;15/02/2031;;;;;;;;;;
07/08/2026;VICUNHA II;RIZA SECURITIZADORA S.A.;2ª;186ª;CRA0240020B;15/02/2031;;;;;;;;;;
07/08/2026;JF CITRUS AGROPECUÁRIA S.A.;ECO SECURITIZADORA DE DIREITOS CREDITÓRIOS DO AGRONEGÓCIO S.A.;1ª;315ª;CRA024002MH;15/03/2029;;;;16,3923;0,47;932,55697417;92,57;460,41;;
07/08/2026;Minerva VII;RIZA SECURITIZADORA S.A.;2ª;197ª;CRA024002S2;15/03/2029;;;16,8681;19,0125;0,44;911,94509421;87,24;546,16;;
07/08/2026;MINERVA S.A.;RIZA SECURITIZADORA S.A.;3ª;197ª;CRA024002S3;17/03/2031;;;17,2208;18,5379;1,05;865,78883898;82,73;846,25;;
07/08/2026;Natural One S.A.;ECO SECURITIZADORA DE DIREITOS CREDITÓRIOS DO AGRONEGÓCIO S.A.;2ª;321ª;CRA024005K2;25/05/2029;;;;;;;;;;
07/08/2026;FS Florestal S.A.;ECO SECURITIZADORA DE DIREITOS CREDITÓRIOS DO AGRONEGÓCIO S.A.;1ª;331ª;CRA0240066D;15/06/2030;;18,3197;17,7663;17,9445;0,28;947,15391904;93,81;729,58;;
07/08/2026;BRF S.A.;ECO SECURITIZADORA DE DIREITOS CREDITÓRIOS DO AGRONEGÓCIO S.A.;2ª;332ª;CRA0240066G;16/06/2031;;;;17,2173;0,12;889,71117427;87,31;904,92;;
07/08/2026;Sorocaba Refrescos S.A;ECO SECURITIZADORA DE DIREITOS CREDITÓRIOS DO AGRONEGÓCIO S.A.;1ª;342ª;CRA024007PT;15/08/2031;;16,804;14,738;16,3417;0,27;942,82974068;89,24;831,97;;
07/08/2026;SLC Maquinas;OPEA SECURITIZADORA S/A;1ª;93ª;CRA024007Q3;15/08/2031;;17,199;16,0142;16,524;0,32;970,82924708;91,74;670,55;;
07/08/2026;MARFRIG GLOBAL FOODS S.A.;ECO SECURITIZADORA DE DIREITOS CREDITÓRIOS DO AGRONEGÓCIO S.A.;2ª;369ª;CRA024009Q3;15/10/2031;;;15,7054;17,214;0,06;918,28891392;88,29;922,19;;
07/08/2026;REFRESCOS BANDEIRANTES INDÚSTRIA E COMÉRCIO LTDA.;RIZA SECURITIZADORA S.A.;1ª;226ª;CRA02400AHY;16/11/2032;;;;17,2469;1,39;906,27473524;87,97;994,03;;
07/08/2026;MINERVA S.A.;RIZA SECURITIZADORA S.A.;2ª;232ª;CRA02400AYM;16/11/2029;;;16,978;18,0196;1,89;944,64141367;91,58;658,86;;5%
07/08/2026;MINERVA S.A.;RIZA SECURITIZADORA S.A.;5ª;232ª;CRA02400AYP;16/11/2034;;;16,8814;18,7091;0,15;885,02148699;85,71;1095,07;;
07/08/2026;BOA SAFRA SEMENTES S.A.;OPEA SECURITIZADORA S/A;1ª;162ª;CRA02500001;15/01/2030;;16,4756;15,5078;15,8683;0,36;999,05465314;98,94;674,61;;
07/08/2026;FS FLORESTAL S.A.;ECO SECURITIZADORA DE DIREITOS CREDITÓRIOS DO AGRONEGÓCIO S.A.;1ª;384ª;CRA0250012X;15/03/2030;;18,2246;17,7027;17,7718;0,04;1013,0999405;100,19;677,09;;
07/08/2026;Marfrig Global Foods S.A;ECO SECURITIZADORA DE DIREITOS CREDITÓRIOS DO AGRONEGÓCIO S.A.;2ª;387ª;CRA0250018I;15/04/2032;;;;17,2255;0,07;957,61321799;91,75;960,98;;
07/08/2026;MINERVA S.A;RIZA SECURITIZADORA S.A.;2ª;264ª;CRA025002S3;15/04/2030;;;18,4043;19,0088;0,37;967,7457469;92,45;696,28;;
07/08/2026;MINERVA S.A.;RIZA SECURITIZADORA S.A.;4ª;264ª;CRA025002S4;15/04/2032;;;;19,1933;0,4;936,19434138;89,44;930,3;;
07/08/2026;Natural One S.A;ECO SECURITIZADORA DE DIREITOS CREDITÓRIOS DO AGRONEGÓCIO S.A.;2ª;396ª;CRA0250040J;15/06/2029;;;17,2;19,2422;1,37;996,41735182;97,23;398,55;;
07/08/2026;GDM GENÉTICA DO BRASIL S.A.;ECO SECURITIZADORA DE DIREITOS CREDITÓRIOS DO AGRONEGÓCIO S.A.;1ª;398ª;CRA025005EH;15/07/2032;;16,4525;14,59;15,6223;0,07;992,99772511;98,36;995,05;;
07/08/2026;MINERVA S.A.;RIZA SECURITIZADORA S.A.;3ª;272ª;CRA025005V7;15/07/2033;;;17,3278;19,0741;0,62;858,89177649;85,1;1052,05;;
07/08/2026;MINERVA S.A;RIZA SECURITIZADORA S.A.;4ª;272ª;CRA025005V8;16/07/2035;;;17,6415;18,9976;0,58;855,88730064;84,79;1164,88;;
07/08/2026;BRF S.A.;ECO SECURITIZADORA DE DIREITOS CREDITÓRIOS DO AGRONEGÓCIO S.A.;2ª;403ª;CRA0250066A;15/07/2032;;;;17,237;0,14;898,48796386;89,06;1031,7;;
07/08/2026;LAR COOPERATIVA AGROINDUSTRIAL;ECO SECURITIZADORA DE DIREITOS CREDITÓRIOS DO AGRONEGÓCIO S.A.;2ª;405ª;CRA025006NB;16/08/2032;;;;16,2677;0,04;953,48576903;94,48;954,44;;
07/08/2026;Boa Safra II;OPEA SECURITIZADORA S/A;2ª;189ª;CRA025006SS;15/02/2032;;;;;;;;;;
07/08/2026;Cereal Comércio Exportação e Representação Agropecuária S.A.;ECO SECURITIZADORA DE DIREITOS CREDITÓRIOS DO AGRONEGÓCIO S.A.;2ª;406ª;CRA025007KE;15/09/2032;;16,7889;15,8751;16,7706;0,6;978,87282262;92,77;943,88;;
07/08/2026;ELDORADO BRASIL CELULOSE S.A.;OPEA SECURITIZADORA S/A;1ª;192ª;CRA025007KK;15/09/2032;;;;15,1398;0,51;1015,4943774;96,37;1021,38;;
07/08/2026;Neomille S.A.;ECO SECURITIZADORA DE DIREITOS CREDITÓRIOS DO AGRONEGÓCIO S.A.;1ª;411ª;CRA025008C1;15/12/2032;;;;;;;;;;
07/08/2026;3Tentos;OPEA SECURITIZADORA S/A;3ª;201ª;CRA025008NA;15/10/2032;;16,2766;14,59;15,9791;0,35;975,85513475;93,62;1032,78;;
07/08/2026;São Salvador Alimentos S.A.;ECO SECURITIZADORA DE DIREITOS CREDITÓRIOS DO AGRONEGÓCIO S.A.;2ª;412ª;CRA025008ND;15/10/2033;;16,594;15,055;15,9221;0,07;973,51468823;93,39;1129,2;;
07/08/2026;EUCATEX INDÚSTRIA E COMÉRCIO LTDA;VERT COMPANHIA SECURITIZADORA;3ª;109ª;CRA025009VO;16/11/2032;;;;;;;;;;
07/08/2026;Açucareira Quatá S.A.;ECO SECURITIZADORA DE DIREITOS CREDITÓRIOS DO AGRONEGÓCIO S.A.;1ª;416ª;CRA02500A15;15/11/2032;;;15,8277;16,5542;0,12;963,19077929;93,31;987,18;;35%
07/08/2026;C. Vale - Cooperativa Agroindustrial;ECO SECURITIZADORA DE DIREITOS CREDITÓRIOS DO AGRONEGÓCIO S.A.;2ª;417ª;CRA02500AHU;15/11/2030;;16,31;14,405;15,5109;0,19;1015,60268894;98,31;808,28;;
07/08/2026;Lar Cooperativa Agroindustrial;ECO SECURITIZADORA DE DIREITOS CREDITÓRIOS DO AGRONEGÓCIO S.A.;2ª;442ª;CRA026001JM;15/03/2033;;;16,5255;16,7021;0,2;951,82419435;94,29;1006,65;;
07/08/2026;BRF S.A.;ECO SECURITIZADORA DE DIREITOS CREDITÓRIOS DO AGRONEGÓCIO S.A.;2ª;447ª;CRA026002BE;15/04/2033;;16,324;15,0726;15,9683;1;966,1698995;93,37;1090,75;;
